Entity,Code,1994,1995,1996,1997,1998,1999,2000,2001,2002,2003,2004,2005,2006,2007,2008,2009,2010,2011,2012,2013,2014,2015,2016,2017,2018,2019,2020
Afghanistan,AFG,-0.00820395257853783,-0.002642821789618749,-0.006810129035957069,-0.0015400960127844587,-0.006054533447157298,-0.00758426714400684,0.0013493130075290377,-0.0034328144820386514,-0.000287691615970212,-0.0018626930917727963,0.00035760791212605114,-0.0016904763864360808,-0.0034109713411762804,-0.002256003181340907,-0.004421596951423135,0.00381262946321248,-0.005094393609548942,-0.003703179929792133,-0.0035865516912113593,-0.004176960668448776,0.003946646925091779,0.002817746871911664,0.0019843677694002526,-0.17782108776319788,-0.147839512617791,-0.11320041083136134,-0.10148282165331024
Albania,ALB,-0.13938111641142137,-0.8933226633267772,-0.28687180951211777,-0.83362470347358,-0.8837509604260323,-1.7913122759517983,-2.2602553631960554,-2.2740858390486034,-3.312381226320653,-3.185917799006572,-2.9078186336597422,-2.9552949699706286,-2.533876834735368,-3.0899960016738963,-3.4020449850128958,-3.5985770917600512,-3.577942311199735,-4.0041987918255195,-3.039107798167562,-2.802386697110646,-3.3863429307996427,-4.454356496265483,-4.548512053591122,-4.267977351571139,-4.068344503784252,-3.217239676955243,-3.2135877109323934
Algeria,DZA,0.0010902449053107333,-0.28300007989647025,-0.16133302325773968,-0.156551037805154,-0.29636412473737783,-0.321298649615823,-0.284837504990342,-0.3162196489453173,-0.3893793960546139,-0.7849426258314836,-0.8582801205083523,-0.7609974770269692,-0.940457851661419,-0.975939296214209,-0.788953921158658,-1.25624885308335,-1.2987571787628442,-1.260202707655465,-1.2540087663071326,-1.5321901664635469,-1.853185850019277,-1.739186723041811,-1.5738749084471455,-1.6088954391464818,-1.428336035723654,-1.4675241918440083,-1.4386419843493496
Angola,AGO,-0.07301444897221465,-0.11291428603670894,-0.23895873926434064,1.0425837534033828,3.307095928142238,1.2009032569962255,4.536312146548612,2.28542723088057,1.14616883627955,0.5556697189452446,1.553459886583564,0.294380834783583,-0.5345857921867694,0.5423716319665708,-0.23752595963765977,-1.4493294134867476,-2.4090083309030366,-5.445672902066111,-8.753087963463065,-7.462931218520671,-8.162167764340666,-2.5714356753994743,-2.0574521797579095,-0.3643035072531049,-0.5672048074445097,-1.4693975105835158,-1.4177422936515764
Antigua and Barbuda,ATG,-21.51729534699372,-15.068920764063392,-14.76484213971391,-17.23630086856805,-13.324918244542932,-19.56056892661609,-22.871012847148634,-19.948333681343815,-15.790293541252968,-19.885778330701584,-21.82000515929586,-18.46584736821218,-18.83158625609348,-20.592399983748592,-16.167571701637605,-27.611603443557584,-27.982892810855784,-20.090255314595417,12.531335284159262,-1.546784634239387,-19.3781550805447,-19.709072711010712,-19.17132640519666,-20.85782467966358,-21.83395637214928,-20.424923128697593,-20.395360125315683
Argentina,ARG,20.744082868169524,23.47381882832606,24.534457565288747,26.71791155157661,20.473740409875024,19.3573581329879,16.306784221028064,14.797627786246247,17.717836980745236,16.450177709897147,17.62277282264891,17.127638949909564,20.694753630575406,17.508553457130844,16.998542687392824,15.160765037659154,13.974528478530878,13.176687891210992,11.815659711787447,13.487331413362936,13.523104557098733,11.633620700609626,11.236892386317928,11.665444176350967,11.409358875583065,11.576197019331772,11.52711129147751
Armenia,ARM,-0.14392790331092364,-0.373738243947321,-0.13462816092807656,-0.11373755758875664,-0.20185350789178402,-0.1407669108686881,-0.4184095329639145,-0.4782428755556275,-0.5852744567634877,-0.2413124191980457,-0.1428745387235124,-2.0650834199856307,-0.9573101991544194,-0.6658828881942638,-1.2574520220563814,-1.4147806865861963,-0.7026145735729081,-0.8446268969952109,-0.1575244705898453,1.116272700070076,0.8556346173304918,1.2659806887564917,0.2001097499447546,-0.17085817974165707,0.17913970240930333,0.6313844753484448,0.6298443111369698
Australia,AUS,-8.401720289524809,-6.3942043047733055,-8.73465503819648,-8.599232962580686,-8.475364687749039,-8.64353764491658,-10.265220083080113,-9.762643779096026,-11.037414825050085,-12.279275331530389,-14.29627497772,-12.231512047412869,-14.271223836819194,-15.13464880176735,-15.795714340237136,-15.06448582722382,-16.47257382536357,-16.27607920598184,-16.191455099993178,-16.588932519058716,-16.464613274144767,-15.260400016736265,-15.322826528999038,-15.748259947850809,-15.570333253956058,-14.562067935363084,-14.366092739044685
Austria,AUT,-11.684373795691343,-8.32368485094264,-10.381683576047386,-10.235828762063852,-10.313289360885207,-10.354562877835523,-9.210900559011941,-10.610800126984648,-10.055078057786305,-10.748442513902868,-11.825646317000784,-13.320803563426063,-13.14921460682291,-15.061866189543048,-14.343456282792179,-13.52962030956713,-13.308749903040338,-13.932784097397057,-13.383194924236664,-13.456718373365822,-13.692468130403899,-13.654603256312878,-13.641679583022047,-13.661529574997898,-13.689128504325211,-13.97203502039495,-13.934385974312109
Azerbaijan,AZE,0.33437230970400966,0.07347465700445222,-0.029185612301930952,0.032083374381103424,-0.3935047078943328,0.0691403945855007,-0.2502429280498335,-0.3107216955248422,-0.673873262325428,-0.5642573973564522,-0.451015128495708,-0.7547443356847214,-1.225090132354231,-1.2629015404367945,-1.8588604257547856,-1.9037586981053987,-1.9671322983255441,-1.9693009536058712,-2.163484564059365,-2.5821608525313655,-1.7643659068996222,-1.2210599177415156,-2.002186047477523,-2.964479390262658,-1.7928233042780028,-1.863833680886438,-1.8549983682035363
Bahamas,BHS,27.167986277215704,20.062299695823796,24.35919148597044,18.658133054529547,16.46399092667459,12.72227721217497,14.725157645769897,9.219417357527618,16.332298647568788,18.68869618063315,13.29336211026681,15.318015734970412,15.698384109878436,0.95927756213527,10.696652092820266,9.758275138847932,15.669899424799041,12.04876722995228,14.795545202224389,6.478460626514352,1.484709829044938,2.4440906966303793,2.994230120136063,4.505217930470657,-0.2137199088811812,-2.322450349727884,-2.267289610861031
Bahrain,BHR,,,,,,,,,,,,,,,,,,,,,,,,,,-10.656778233967726,-10.879063199357285
Bangladesh,BGD,0.05248987138819494,0.033202653115715464,-0.01600325309400219,0.010243165728907044,-0.15323670881502416,-0.20434568865464442,-0.1427587198290894,-0.1296926681024928,-0.2530251218008228,-0.17191470796353947,-0.07649382037493169,0.02513441322827603,0.008943796500370027,0.14880596753356912,0.33923951025811405,0.21390442688130307,0.06126528330180747,0.20414985642183225,-0.05577245630526306,-0.13373866778217902,-0.24855585899130617,-0.5043236783203859,-0.10288156326329201,-0.17805509072057646,-0.03687673622250642,0.0050382013407563875,0.08362955885710122
Barbados,BRB,-15.080751612432966,-17.261356685228435,-17.167849982462158,-21.488030603466406,-11.624350768127206,-22.0016514438464,-25.51533107029065,-28.153501645937176,-31.23620090954038,-31.89614292574505,-29.0651409924578,-33.0993267233653,-34.59639259620014,-34.68977369238028,-29.923772838243167,-27.89456993043259,-27.432555399636698,-32.59157575988687,-34.42220812589051,-29.451387946915403,-33.36700759030734,-35.859682744581484,-35.80387132784939,-37.04960765610188,-37.27092912776303,-37.21292213928084,-37.14216462398608
Belarus,BLR,-0.6405065568696267,-5.198614089471051,-5.708785997813937,-10.334816647609195,-6.893007278413345,-5.740210545888213,-8.799408260346965,-12.466111963144547,-13.828128907272948,-13.383739774557913,-14.483358785660943,-14.802736500695554,-14.703841622262125,-15.008278877074632,-16.049987386200453,-15.86740352208474,-14.621930096214925,-12.272090017811326,-13.100601677736888,-14.374360394511505,-14.254429819330996,-10.775960001907395,-9.689349857299986,-10.367908874851512,-9.704094372867795,-10.653665169241329,-10.693847868000265
Belgium,BEL,,,,,,,-20.689211990257437,-18.867787537419836,-18.698692688164634,-22.090952891353915,-21.918389963584577,-22.135207134411843,-21.82677593701973,-22.965776721871652,-24.400638206445368,-22.555095415698382,-23.46063609077576,-24.324452748889787,-22.97467511931552,-22.77195717722777,-23.930551014892984,-22.650495224502833,-21.47663835887922,-20.937114575915896,-21.177011650590636,-22.48413259797807,-22.382137967115284
Belize,BLZ,30.731988225012557,40.822209115519314,50.395006759182394,107.9977877561449,112.89282395991758,219.70626610040162,125.13436053951057,126.19796589225183,331.1215610518948,188.50122607308003,285.05714698743077,384.73158867196673,656.3693961310222,1028.2629905102713,1200.7431879429714,975.5796367041694,1256.680202028777,848.8754219815432,517.5568663773099,108.52299288963889,224.65352768992793,270.93827292967393,239.49131205118215,309.9838607617251,552.3565854630857,535.9667072151786,529.160927030953
Benin,BEN,-2.1177373852351593,-2.7231368643541574,-2.1331623314911985,-2.0244235068638803,-1.558062162698647,-2.5849087442634175,-3.4287876537781417,-1.795345129758224,-3.2020276847284608,-4.193671031993887,-4.009490498608915,-6.16971672603679,-7.679102893712482,-8.784441331941139,-10.320547736000847,-9.313173577085992,-9.390981131347953,-9.34140033766042,-8.910262412713935,-9.337152941234296,-15.786656867331375,-15.316323789661993,-15.432890271079845,-13.020340775599912,-10.309120305271296,-10.364531406141436,-10.058103860151014
Bermuda,BMU,-33.7035527284426,-34.51746803859007,-26.958501871448625,-35.19850537221936,-27.228018080581613,-29.445832599322852,-32.49052141818123,-42.06880045744664,-39.956907631426546,-38.59801147183719,-38.78040362439274,-39.403078646421164,-40.50172316670379,-38.243308143231104,-39.57939483987429,-39.13846331119568,,,,,,,,,,,
Bhutan,BTN,,,,,,,,,,,,,,,,,,,,,,,,,,-6.092296003313159,-6.05427490899646
Bolivia,BOL,-0.8184476910798839,-0.4644672908431533,-0.4957766431439705,-0.763198215934064,-0.7005615369147324,-0.6773202096313725,-1.7843718039955356,-1.1779608897865126,-1.0333272060948453,-0.6634733607194314,-0.7568027844561513,-0.9705714920304318,-0.9886286802179972,-0.6984563250697658,-1.4703109792598168,-1.2253445451724594,-1.0039669067343033,-1.4917598709393007,-1.420653127119168,-1.4077165665995546,-1.5666486222997857,-1.6930307996390646,-1.6631864156949465,-1.584447865150902,-1.41286406386795,-1.7906823624626074,-1.772690028669719
Bosnia and Herz.,BIH,-0.1408215782361275,-0.6878252856264121,-0.10498195644135624,-0.49686862049709474,-0.38126486453339486,-1.5180742603299702,-1.9373556696647785,-2.674859198110563,-2.8870378220894812,-3.165501395305137,-4.227271918086013,-4.758705174979482,-3.987746789275044,-4.034835658015593,-3.533243215304343,-3.550138156698364,-3.339439365831646,-3.3589104262119838,-3.7464546095618982,-3.6454707622703526,-4.632082634492351,-4.227154038630642,-4.657761391810733,-4.4158802121957,-4.966724624986219,-5.93664367659154,-6.0088373717020795
Botswana,BWA,-3.2916918267186293,-2.840506542833639,-3.0932485860277694,-3.899087337150434,-2.722697751881193,-3.7062935123329637,-4.664713010043735,-3.5931861491938157,-3.03362246767473,-2.6715891535033505,-2.5556372475202154,-2.972064056438868,-2.365766767239629,-2.741104688392331,-2.7286469911147444,-3.30867677741666,-3.5504779618584337,-2.7290743201101786,-4.369788836282032,-3.319121905492956,-3.171333862973815,-3.0146036398551974,-3.7576278630615145,-2.6435216615576147,-2.283902376381164,-2.3999788899249213,-2.3604091881459235
Brazil,BRA,-1.1926487438823674,-1.992593038868585,-2.659705659511575,-2.0041520925815552,-1.704012495664342,-1.5214624083124768,-1.169937668867762,-0.7784015812529921,-0.5026514668580333,-0.46582407454974906,-0.5250999253878845,-0.5606890136349936,-0.9562128220494683,-1.2747397056314718,-1.4951651703038626,-1.8141996409659322,-2.4133956289164153,-3.0053533711923093,-2.9932627238873684,-3.397599077481522,-3.25894365801084,-2.6634047871171136,-2.654647473049005,-2.714203978203787,-2.1459905547240172,-1.8159699604241322,-1.7924446685241788
Brunei,BRN,-42.16824511166257,-18.223930077608028,-17.484744570545423,-42.84865704031674,-36.79783603422557,-20.57078567730705,-25.241260997806556,-34.683873882247944,-29.280060050242867,-31.519573326736847,-33.387637322035246,-28.58529094107486,-28.48894479670605,-23.52130818320553,-25.449701160931713,-22.82263326904334,,,,,,,,,,,
Bulgaria,BGR,0.25082041471202365,0.54502752701367,0.534689226422187,-0.8298328915172029,-2.3527309598377624,-1.9759397018055118,-1.7404559010189211,-2.002029356913881,-1.6259934285398572,-2.4116096311237527,-2.2574936959008864,-2.974616063695647,-4.152007590586876,-2.801441730457387,-4.289423981250838,-4.232878705915317,-3.797089583325737,-3.5271617129584585,-3.5234465043758925,-3.536396950447967,-3.580620121161409,-3.813317865459304,-3.7608161230950374,-3.6842679056972805,-3.409699697110187,-3.1822229475385666,-3.2390241864312816
Burkina Faso,BFA,-1.3013509342357574,-1.5102833230039807,-1.4731468792166846,-1.887548746875206,-0.9582875045261011,-2.167783547919858,-1.5527354580322847,-0.9461880938100019,-0.9544557386634986,-0.8948118449145276,-1.1453228395201538,-1.8169666291398867,-1.8836698784150454,-1.98261761903718,-1.7639234123923466,-3.3830253408703905,-4.229416562579652,-5.557138605242791,-5.4562135071818405,-5.480203953203486,-5.173503240396301,-5.544301309233269,-5.871469434687533,-6.8075737219968335,-7.144207295975475,-7.697345942174761,-7.486278620690683
Burundi,BDI,,,,,,,,,,,,,,,,,-0.17281793964990144,-0.32688909444349545,-0.6817956621144166,-0.7053199439550568,-0.728856333360371,-0.628397509856095,-0.7049540029324901,-0.6110460887394502,-0.5867418672223079,-0.8105762151610494,-0.7918748929747874
Cambodia,KHM,3.7913481759278493,2.3444303273396887,2.079789806576451,3.0056193042913364,3.168148266725802,3.1951327258970963,3.0680648309394947,2.249859574612003,3.4529937797323917,3.675509540503864,3.1133143776187673,3.03268423931209,1.476523763049137,1.1909556276741995,1.3615168751905529,1.461194239439962,1.7953362993895752,2.2743054533176803,1.6702970910646897,5.955712652292533,5.656894979852076,6.151555900365949,7.948158602172157,10.687048298244044,13.75106060744178,13.768599411002917,13.431962960815355
Cameroon,CMR,-3.370860483121983,-3.879088495998551,-3.1442411825058834,-5.071859363074354,-5.922390785385277,-5.520212629572372,-5.893270037660687,-6.943242149611777,-5.434064685041411,-8.493687251143232,-7.877011351954341,-6.779849474684909,-6.2054252361501465,-8.351864860237415,-8.859946653093719,-11.565189993701104,-9.068278039957567,-11.720896400384493,-9.60670312379193,-10.642108469699608,-10.332173105684912,-10.463547387587075,-11.189143309694222,-8.41933402468903,-10.119639355959288,-7.549668374725165,-7.3452181009750035
Canada,CAN,13.734405896100924,8.567719381754035,9.316445422427567,11.65556068184646,12.00430800330551,11.932033742646421,12.944147844897351,13.52856402332818,15.245284326131312,15.054949576454867,16.833219088867782,15.155461457245003,14.431345073003122,12.07214220098215,10.618714428387932,9.55555037950748,9.242382173300005,8.278236509067312,6.018633717842977,5.650687830203477,5.020771483649092,6.686142058264121,6.554285459838702,5.536216302375813,4.215385935142585,4.147384526065299,4.092451503591505
Cape Verde,CPV,4.279207111383586,4.147234237835345,3.9396269579127434,3.2852354790932594,4.32988376338707,4.610693662398187,1.793542764323874,0.09987999978275042,0.24145033288370854,-0.28146147078903994,4.550239741278787,30.560341819531793,39.71371258947439,26.095255073605134,34.99446741403534,28.968301084844576,28.79758279469354,32.92652114427914,28.661543592230736,58.151810270799174,57.572135431269444,61.68265608160537,42.67774741636816,26.66957538578648,42.33040915889618,23.58164175889099,23.634939251494117
Central African Rep.,CAF,-0.2850138876778292,-0.21947544451340573,-0.1744109874239408,-0.3097763691933064,-0.20330800205658317,-0.3406951514811958,-0.25584720628295043,-0.27305323960293926,-0.25617286728173205,-0.5569132921827471,-0.5773543547236368,-0.6154295966124188,-0.569755771733397,-0.9230600198813201,-0.8327297480677727,-0.8698468126552346,-1.0689547663149863,-1.0023052066991136,-1.0894887786229352,-0.9776913108460583,-1.156976042369032,-1.3113403993432735,-1.0579682889954158,-1.3309475489863276,-1.02703230803679,-0.8568177878923873,-0.7828693318832567
Chad,TCD,5.4093784657937585,6.383189855436036,6.4597653637468175,4.571030235922587,-0.19092339297922756,0.15951747148679996,0.9096324466164134,0.5527893864497555,0.10584508284795202,0.09774500306413536,-0.21500345293803313,-0.18966978133431134,-0.3657156417996674,-0.15790210545227534,-0.1919960851493947,-0.20759388796389944,-0.3267471459103213,-0.32959114905759,-0.36828247604387787,-0.420787400936419,-0.44691694024842654,-0.29271039187496317,-0.2963336403911203,-0.2726900591721382,-0.27172104021713217,-0.3017466556878565,-0.2927574330572078
Chile,CHL,529.4993673412544,505.4574183628521,451.81596882931035,391.9867498923394,221.5761229601681,333.66326148426447,290.00293053216336,265.67267594102213,290.3774343803209,245.04857384641338,328.64379349099306,292.8544643650079,284.3638694384746,260.0995678229455,244.99422114816824,234.60131256558694,182.57022164396196,216.88870806524366,194.6285105251327,145.46351428585652,176.21397991578846,143.910346324473,125.84517757802705,154.74664571399518,165.28013070248565,160.00613592841208,158.64583162023442
China,CHN,2.176881483279491,2.6173128868994766,3.439418849792556,3.5130027697973816,3.684279627942175,4.0453536773945515,3.8257020058090276,4.675606551547524,4.543791950251169,4.694015472248143,4.602946924060664,5.14528207967242,5.464106933438792,5.318599717436321,4.991406775433845,4.871051694632683,4.771661001331964,5.01639042513618,4.997052091541718,5.022305453948121,5.257147924678229,4.652042465970339,4.925520660149381,4.767902200069223,4.368265734759845,3.7237864742185494,3.7345091581591703
Colombia,COL,0.5279480850882483,-0.1479553214393654,-0.48855807459000644,0.002821101663892378,-0.3758766600124046,0.2469354811199871,0.162450284895983,-0.15113920344572485,-0.7040612678944553,-0.9220526102364621,-1.145876613094182,-1.5099490778907825,-2.02999008066973,-1.8630618882852357,-1.5501584813712634,-1.479975368116258,-2.1425942960787068,-2.418041399510924,-2.9044619060952703,-3.552513880255811,-3.5898599661780395,-3.653961783363016,-3.7894344819468087,-3.245269901974151,-3.746751387884392,-3.5613556733511817,-3.49919878506011
Comoros,COM,,,,,,,,,,,,,,,,,78.50349392286725,40.24049015323083,36.9944834031662,47.80237928388456,-1.9152966544199597,0.965666674102259,8.05760119899696,7.288943841833714,2.9341196303143082,4.3553290976845425,4.260387727858863
Congo,COG,-10.262142849956682,-5.438782992434891,-6.68405872008281,-7.53043307089607,-5.585862043371703,-5.015685444009396,-5.37538509876088,-8.469303149637195,-4.168408215730583,-3.7137903171091295,-6.570065243582221,-5.025315981661613,-3.8127273378137865,-3.0364748316815007,-7.492558493023726,-7.056085497417907,-4.22973463255655,-5.598831877615339,-6.151392688708427,-9.30104604805907,-11.974668394833726,-10.535704754586632,-9.926721373901039,-10.446409028896216,-9.937130211823575,-11.574756088015361,-11.324205239174688
Costa Rica,CRI,1.3107485146920341,1.7737959359758388,4.605576920123546,4.163858010957525,3.246421587040426,3.2558599696787045,7.194581083448056,7.280083958425523,6.718855240158284,5.051008540845754,2.8502254302394245,3.2168684856398606,1.2033383043834345,0.3950460513260783,0.6910179525253834,-1.0132004822787213,-0.49771207636582027,-2.6471447775932937,-2.4039591590409124,-1.4592312712747013,-5.362438483032754,-6.868638485641061,-9.319548486104177,-11.243083933024396,-10.753395872332847,-10.52534775533043,-10.448236810837923
Croatia,HRV,2.39116498454598,1.656260406437947,1.2887581537335078,1.260439516164905,2.079350608950059,1.6723717950247412,-0.6941547750069637,-3.8446562755792852,-6.9560840089983635,-7.686680052453839,-4.035134910665157,-6.3939617116857725,-5.491237512789974,-3.696652948416771,-5.109685684738496,-2.2785698050201155,-2.3346271510516257,-0.03455837056461064,-1.1681907201989823,1.5581881884120428,4.224352439966015,4.615256010776022,4.553012472309266,2.3903082341234736,2.7557266214067155,1.2219653180367551,1.2345505956615135
Cuba,CUB,-3.7321827504057943,-4.3840356686972015,-2.4394644174050715,-1.9659017347450423,-2.876671297697712,-0.8282891925736457,-2.2723700116967063,-3.1539274691491457,-1.1237571741697838,-3.019546795707308,-4.337972939657907,-3.9110462906289793,-2.0503142883203074,-2.952011828927943,-3.4284170124565128,-2.323417826971479,-0.8488779466591154,-1.1944047877382244,-1.241822873787644,-1.0093439608505825,-1.2814218945060158,-1.7260628845048211,-1.5693837662235186,-0.9770912371751876,-1.5187210644194709,-1.999606708161613,-1.9999586134118568
Cyprus,CYP,-6.016514761745725,-8.265077579607233,-2.5272907893254075,10.882682948563687,2.9264138995617515,24.809768026450868,55.530889967724946,39.4929821379888,127.57308034603538,32.07104873362799,61.73206519678901,42.40083357954207,11.151902552955402,-17.10051997040437,-17.642296871640326,-17.141745100450073,-17.194430279963647,-16.94747856940999,-16.50338177311348,-15.922735454492317,-18.344169810144223,-16.85084870246264,-16.44617411700439,-17.168443139396288,-16.053363940255426,-17.584417647429138,-17.493501631791133
Czechia,CZE,-5.847235488824037,-5.8486493490405405,-7.51060236989895,-7.368013276733214,-6.9405296619026515,-7.109287195323304,-7.918146140534027,-7.3427754447620455,-6.855759961318716,-7.069275774745736,-7.339712851372524,-7.639099193046254,-7.078525095142418,-7.478876651043125,-8.68900188275455,-7.882426133725158,-7.397247863754279,-6.900415840329787,-6.249748719357082,-6.540435900565152,-6.572783689193022,-7.0857873964901055,-6.697547433512056,-7.025613183565415,-7.662165996711515,-8.288894805135373,-8.29784776584459
CÃ´te d'Ivoire,CIV,-7.291274674693145,-8.870334971117089,-8.73305468811737,-8.458936989770788,-9.962205600206627,-12.786945418178519,-8.01109062299849,-9.55909757032651,-9.487864529970611,-10.642442571672358,-9.641088919751349,-11.905509609269227,-10.876628899411637,-10.97672822559171,-13.274316306356962,-15.138492872250659,-11.988159370201656,-12.499398852327705,-11.001748991807503,-10.962762604095067,-13.057462123554268,-14.638029041471505,-14.650219655671979,-17.026286355311267,-18.77406655215385,-18.55695410732141,-18.097211162014553
Dem. Rep. Congo,COD,,,,,,,,,,,,,,,,,-1.7224690102336044,-1.8552550386834388,-1.8848997884836676,-1.8715795788627552,-2.034816720858299,-1.7463264065053186,-1.7050610909243806,-2.0502413548391543,-1.8314180710352153,-1.5639088133297903,-1.5061959526116935
Denmark,DNK,342.37759260905386,364.9859367299012,304.14782712996816,329.72777807591467,278.6875149573943,249.1493484362941,272.98946078750333,268.1492255076533,253.69923850513788,175.3923486656705,186.62324691784397,150.82178044857736,143.4338957957105,103.18557697127949,109.88335420095834,123.77566759761065,132.51217207841717,111.88280275843525,73.29065972457363,102.35045675086718,114.61394816827638,134.07859076584367,98.50767454278535,138.18549931234196,120.32724496765091,91.92718434451905,91.71346412481117
Djibouti,DJI,-1.2175199128672112,-0.8813866135568454,-0.8091724367545557,-1.790197775868454,-1.4084786185270712,-1.6562641533008944,-1.375092903553737,-0.6645724231935675,-0.9397710412327152,-0.5016316094541307,-1.24311492338222,-0.8037029456411253,-1.5139649164901192,-1.354748247355897,-0.9840886562052291,-0.9351993767364073,-0.6607682852094756,-0.9894212558757112,-1.075334382215002,-1.6437789602027555,-1.1662357298388386,-2.409994140838858,-3.0905250999094114,-1.4349825638480453,-2.190820832232532,-1.8749267504565044,-1.8460551583530131
Dominica,DMA,-16.13923697602671,-19.929451196862857,-19.3996430257703,-14.680476935728198,-21.15375354275136,-23.92685625977382,-23.207206224699753,-20.512907995607616,-20.207054007018982,-18.71730220912592,-20.426070455856227,-18.013895429662384,-14.929082064469727,-18.600387327703633,-17.214317665427508,-19.12540784162541,-14.252089024509234,-13.753833835765578,-12.751550417913037,-14.493481259948663,-18.83751718469844,-18.93325744034418,-17.43562662641466,-17.006594452316314,-11.388799086915078,-12.4473265892844,-12.206032595659059
Dominican Republic,DOM,-5.2797616478553655,-5.270449026362574,-5.603004300789728,-6.324251589952485,-6.056218688820714,-6.771755928970119,-7.740064058377046,-7.519174729267657,-9.63574379668043,-7.449842721647466,-7.7379656219547535,-8.131040955826297,-8.982993301791623,-8.989770470231909,-10.044756020271727,-10.104678833449489,-6.12411858550767,-6.5561679368827805,-6.120273903282985,-4.828930806406969,-6.822812326584669,-6.08587923087971,-7.095479148459498,-6.657210296176021,-8.37266108194296,-6.895837414060601,-6.8220706472779575
East Timor,TLS,0.0,0.0,0.0,0.0,0.0,0.14963201558527794,0.7360638699561797,0.3936508502277616,0.1397251781475708,0.04106693227452318,-0.1202823853072017,-0.08593470334806108,-0.11128203332258213,-0.20457722058021854,-0.3264860506175711,-0.7848511586846794,-2.123734237191098,-2.963597284447295,-3.7786411050584725,-3.6178710747802483,-4.144767537994337,-3.2699535271709204,-3.651492971334714,-5.3587720946577075,-3.638489025952906,-4.034934428482108,-3.9836619918540093
Ecuador,ECU,30.569361624310027,45.956339422188044,60.50252551526304,47.38826284979696,29.752579438883803,43.319687066069626,45.24847766095959,45.43925709878801,25.924710305588746,30.572112356978135,27.934981252128253,37.05306809990638,38.46157202738668,33.226267141568826,38.39761458926168,40.05636363919418,36.02796657644265,44.55748745875369,44.735807321973255,44.600417564280804,55.35891239304125,57.68140654935219,62.01980007081212,58.65961694172388,63.473206710175376,68.50196820487585,67.70899733661683
Egypt,EGY,-2.850160727531552,-2.330589760778876,-3.5386829152863264,-2.8992275468033197,-3.7437575462092454,-3.693281914718696,-3.79318725183996,-3.760335406645451,-2.791227656211012,-2.9024210809622826,-3.649017776985655,-3.8032172427515167,-4.147145472605244,-4.2631630036860795,-3.9440252031116696,-3.9244430975818094,-5.451662917523832,-4.756389333607647,-5.113773518169905,-4.174088776603927,-7.675695491911055,-7.019192020981789,-5.333370557680269,-4.8654735441108805,-5.772655864717716,-7.2320259250590695,-7.087595831005206
El Salvador,SLV,0.1505652036932945,-0.21430316308714792,0.133580676601317,-0.32402776965751334,0.12206617606051284,-0.21862579752535893,-0.8029039840931891,-1.2064638340623701,0.12694588110153493,0.3827264653042919,1.428306619831921,-0.7629206645170168,1.2675378719370274,1.8561697578980327,1.9316652264888416,-0.9950714703790364,0.1040468376679149,1.7557285447268098,2.443260258451783,2.279341071300057,2.125796414903295,1.906931899603375,3.1751559568051233,2.7787534849223556,2.088005399208109,2.1436104249015973,2.134984950855536
Estonia,EST,66.89013362272415,70.28180554019616,57.952558882100575,68.24202851795646,67.59694888755718,63.69054556378872,63.55033948717861,59.8341864687568,55.857209017697066,41.14434544525983,51.26341120218217,58.74083838476891,53.03049523746069,58.075646267825455,60.05118153837697,58.80002224227892,60.014244810770215,48.51410000422038,39.39573986845464,38.59848626408943,40.15210893674645,43.91218761390169,43.984114869703994,48.74473724834982,51.54965916751124,53.0530482370787,52.94122812908428
Ethiopia,ETH,-0.0035808539549149476,0.001750600299757335,-0.0005059306254157903,0.0010088542280221047,-0.006044329844910601,-0.0037162275077942397,-0.003493465046100097,-0.004695540540659182,-0.005308134752636695,-0.012731988329661492,-0.005864098028383058,-0.00697261163462265,-0.014621310524146586,0.002835920754626242,-0.009287182897553009,0.008160065639001762,0.009694038693758206,0.008400503217513067,0.002613488670052899,-0.01970651340897256,-0.003538597871357463,-0.00088133359597653,-0.02063282139613315,-0.01817545993674219,-0.011142502244835595,-0.026509912073786723,-0.030242382885491415
Fiji,FJI,8.258927564357428,6.0944772170075545,11.47593680944502,10.747516559333615,8.542520300368011,17.511310954197647,15.829503433028151,17.63839152392992,11.235635696026023,6.796505905325887,19.900859186837096,17.454963648733433,19.237639887563596,17.245634961537817,16.046732013021874,17.13724895600206,14.532460177389488,15.731432336529053,15.328625482303899,10.012665819790953,10.654130287747563,8.852040048694562,15.60718062116242,22.21741437199623,17.174798700509385,23.14737519330553,23.21384237784845
Finland,FIN,2.9368792436602504,2.874603320020668,4.601964074009956,5.139161039099008,3.8469124073698353,2.7590137432501862,1.8274398988369462,0.28315350038753095,-1.6445870039218953,-7.912380953104332,-5.96482951208689,-3.7821344883361547,-3.2648230017524824,-2.6428021565612525,-4.442622107096032,-2.79905709478437,-3.7104548091294483,-5.551425059199339,-3.399924325279116,-1.858616583761382,0.23322783773435418,1.3157785757661244,6.070146467223999,3.654054817445868,2.920921073799093,0.5052550537772866,0.5091032190799112
France,FRA,-15.191682858123677,-15.861105359962123,-17.089303228598382,-16.595093369114732,-18.98043330881142,-17.802866922407425,-16.582310816059778,-19.790072668258958,-20.125190715230566,-19.743085995529654,-19.831666356775735,-21.49548624941651,-22.176394482330306,-21.973963467138347,-23.575755817263556,-24.586551936128824,-25.36679843782853,-25.591964018545458,-23.673288957469246,-24.10683684731515,-23.864437745522412,-23.958177449817867,-23.73708366476228,-24.63582074457636,-23.63689638231429,-23.386137856601895,-23.36359840266499
French Polynesia,PYF,-3.474003975473728,-2.2863123326370385,-1.817834178661542,6.884709205461455,8.273785369818548,7.0283298237576375,12.079923237574164,16.767892226834952,15.403179241920384,8.04496781015375,2.5561982588397285,-0.9682778729490806,3.1388434332191153,3.1432899631674402,-0.5562575546778916,4.21167716216938,0.2598388245826726,-0.2691133363755469,3.218528146865715,3.850162692138298,5.60848124199314,2.0769490638049746,0.11473946364352372,-0.5851437627099259,0.45246390302475703,2.501988757270489,2.8109886553458026
Gabon,GAB,-9.746361229825968,-4.312701997517834,-8.693930790994585,-10.837312444434566,-4.18363512261346,-4.693197376862898,-6.568425943956385,-8.547961051643568,-2.1171472154993403,-3.35955105649775,-4.721416707629409,-5.217966273700835,-7.2665274574846315,-7.851548211126545,-8.261906297059078,-10.314253188045495,-9.057191584226949,-12.092909518986119,-12.339813751880047,-13.792220922385646,-16.66861735161408,-16.75681403467925,-17.40646804519333,-16.381538761084187,-19.988941211470312,-19.67415976086007,-19.261941681875328
Gambia,GMB,2.2660865933096517,1.5816043659832957,1.5988163769977248,0.6625597293286951,0.21164519608277388,0.17683265746800814,0.24606501517083146,-0.3942879172587439,-1.38944939324087,-2.1251529743918063,-2.084535505780824,-0.5960622517690091,-2.183665198631715,-0.9174463432753157,-1.5057489871106604,-0.7098397667554934,-0.9267472640017438,-0.9552051373012382,-0.22557174345736541,-0.1597427439778798,0.26117378648835654,0.4939123166113113,0.6179074792840993,0.2406010748153875,0.3531176053148073,-1.372921912947774,-1.2986211742244045
Georgia,GEO,-0.07472155918889767,-0.5121359848729421,-1.1050994366025912,-1.0395028928848906,-1.6038299126110658,-1.0623272195536475,-0.5666931531880528,-0.5629508926454518,-0.8240831586666966,-1.3022458293347992,-2.6975129319766196,-4.259493484778826,-3.3102887534084724,1.5677614755730929,1.5585914523078426,3.6279857307085397,2.1482047020136132,-2.678769134669502,-5.70658546159312,-5.094279207856496,-3.739940593410462,-2.2453216677593533,2.9851030561757845,26.021725017465968,44.309943950560765,56.35252081043905,56.360878149390885
Germany,DEU,-10.73740712773524,-10.33563888085134,-9.766156176850716,-9.98066709457053,-10.962495921897194,-8.613323078971021,-10.421628496201127,-12.21722699787242,-10.767384827989282,-10.29531074820197,-10.002243506389034,-10.55062320587176,-11.278342334040559,-11.789351928457393,-11.229233606138536,-11.17300005774321,-10.998473350251823,-11.343458219166452,-11.01445955543273,-9.616834610085341,-9.767185610541736,-9.356652022496554,-9.958103101371313,-9.349948510789105,-9.240667709320663,-10.016799069914516,-9.999438157907276
Ghana,GHA,-0.3659934255907551,-0.7762414391024137,-3.047848533020435,-8.354046169462997,-6.9039301826138875,-5.3680185840903185,-6.503990231641026,-4.649411373523069,-7.5751262592685755,-2.718056889782215,-10.172130370205764,-9.372073130809081,-11.752990073647748,-14.916551956343472,-11.17528234628432,-9.507948582923927,-7.835621712046175,-11.443661784649908,-8.021439494593306,-11.61220130182042,-9.636702421227561,-9.71157128470664,-11.241377921291484,-9.777067596783672,-9.491181346537495,-10.332872728841304,-10.113842102326153
Greece,GRC,-4.317818950757982,-4.589065012623163,-6.0080537442388575,-5.6394747075244425,-6.9407886614995284,-3.749329692122412,-3.767010150856777,-4.431837065580485,-3.8066640199561306,-3.3857981193717137,-2.5549567475749875,-2.95587352110034,-2.804196682420322,-2.2763784178077913,-3.6477237631802737,-2.9363688108230157,-1.713183727510895,-2.1803026103263132,-0.24647748176686868,-0.6539125453399492,-2.3795108592663894,-1.7741645840666127,-1.7212397592727449,-0.2857558837412668,-0.19962603984588156,-1.6452410431120548,-1.7297657714323371
Grenada,GRD,-7.849129197681069,-5.700834768435541,-14.146041652937914,-4.27194823698829,-5.58123508182187,-4.5702486616452624,-2.5699423067202627,-11.54888385705291,-13.190535264267197,-14.11719665354099,-17.566089781594687,-15.890583074729143,-15.927740699422596,-17.430164390482226,-15.328260594260264,-10.189007762281378,-6.761973855512046,-7.030131548151122,-5.71849630552083,-1.2661518350984124,-0.5889480589410248,-1.6163402955332131,-0.5369886437975495,-2.752935588147146,-10.411476177022202,-8.332313905556273,-8.1733873870721
Guatemala,GTM,0.3431525011302641,0.13556881011272282,0.22932591046010564,-0.06124740850991839,-0.12238354721107414,0.6516158154139156,2.2107521394495553,1.33025437577708,-0.24038014066852043,-0.1831554124470971,-0.3073806971849109,-0.9884798509096449,-0.160575958256449,0.3773230442265998,1.0095577367903508,1.0260035019409992,1.4616997297388636,1.1627035643498342,-0.4610814350020829,-0.25618078750991513,-0.5230567080228736,-0.39055181019638097,-0.8402350630897502,-0.6211410921633025,-0.9291042709216031,-0.7627794043406722,-0.7531992814638957
Guinea,GIN,-2.4368125954356685,-2.6322232847674094,-2.6134766265747036,-2.694727462469797,-2.7008187422420757,-2.735168857342474,-0.0010134364005374152,0.05117640175719629,0.3161102248825891,0.28220131517410785,0.8081799558572005,1.83021880090166,1.5350499087683378,0.7074046841658781,0.7004248504627295,0.4401602280505621,0.4658381733794936,6.263864778398267,6.5414386221102045,7.093688198017242,6.653489792759142,5.068437900188041,3.145961541802679,15.438083251195494,11.876670777018028,16.359489138042335,15.947932358370426
Guinea-Bissau,GNB,0.8731929004181174,0.5909396907290594,0.8612077919236896,0.5170251694050023,0.9206974925182614,0.9197478797311378,1.881289010728036,2.407389933633742,2.468159662333517,2.832315076125049,3.8019003244685345,3.310354258990004,3.6493123910719527,2.986056766850909,1.858662910690429,2.665921071717733,3.210852907798385,2.623174807023762,2.125822093040859,2.6464246460043706,2.84809125553665,2.6904382194721856,2.3728684929230273,2.370043198423078,2.286058511811675,2.2351478067839476,2.1878766803580163
Guyana,GUY,5.2280139729116115,6.439521143005955,7.030550777283388,13.631150616072453,20.01823766041729,19.971336389156683,23.706463614916643,33.545082606108174,28.941811969549157,38.88868785750229,37.415457030009556,37.45343460202071,45.98904305273671,40.25628567921477,37.34451709230535,33.14111490667403,29.14728133551327,26.881845586776528,39.89464627353453,40.29495609173209,23.548569420044284,23.97623290342455,31.564939740245592,32.12672478867067,26.138217360947895,23.07616351637989,23.036891485033195
Haiti,HTI,-1.6621243119918567,-1.9548248772772179,-1.6781010235016012,-1.8190337092728774,-2.1356447469005193,-2.3361264851026258,-1.5085224173641671,-1.8936756838750999,-1.2673045804538687,-1.8382859333001518,-2.0413386019508284,-1.9741121763343874,-2.9536318395871435,-3.0770732261349556,-2.9799699217713593,-3.2824468361626598,-2.475787924728298,-3.3233025292412313,-1.8699306805418576,-3.247634733613601,-3.752002569949315,-4.146107906895152,-3.0129383365989284,-4.905309326476706,-4.478084393817652,-3.487236184616598,-3.447126805648102
High-income countries,,9.67027255591233,9.118341280769737,8.213606481846352,8.326670335616903,4.349934832764021,5.099384775784465,4.135738162671146,2.9796614651894586,2.7026634390097968,1.315215086009637,1.854703742002883,1.1962682351345073,0.05042769711106487,0.15518314661236587,-0.6000869557363515,-0.913494594120646,-1.6224343942773523,-1.4079681015416945,-1.6222729202020254,-2.0671031042689236,-1.5569232271351545,-1.9414880087703672,-3.483430028266742,-2.430833699242445,-1.906816688527254,-2.72799364820791,-2.730463720546254
Honduras,HND,2.366730771076509,2.5425194803604274,1.1506498610075742,1.113450843588871,1.0189543432401513,1.0623597481867653,1.455198274747103,1.8181286057515305,2.6644109488203473,2.9081753308305425,3.5248241483133658,4.554696968207637,5.698634157773366,4.693728360601381,4.440073649174236,2.845973081617171,1.6611234983597662,2.3685744356356304,4.175880978717349,5.286554127519279,6.296635269772276,5.099785148373904,4.393300811676749,4.862592332115698,4.1517715870060945,3.3563526518151257,3.2864110817055003
Hong Kong,HKG,-25.12350265076313,-26.301325626610684,-27.720563414979654,-33.775897247420474,-30.633558601666042,-34.51354440560452,-39.58587335754812,-41.15568258658716,-43.03526713933232,-41.38073026292764,-43.39802628658899,-43.647229082826,-45.82575957516062,-40.93083735125967,-40.43498783497033,-45.290311890107745,-46.180892232405824,-46.147881822404656,-44.72545944330418,-41.74257614806872,-44.579838445315204,-48.240796043495266,-48.4725961929325,-47.376094373174084,-49.08994239223021,-48.90197973943041,-48.862029021873795
Hungary,HUN,-1.5548090128285308,-1.5026037016531386,-1.6051193467679443,-2.0301655333605746,-2.2023192888838112,-1.8541869888527922,-2.217357848677231,-2.3709075144410785,-2.6019498091189766,-2.789728824676401,-3.0797603510516627,-3.0884593172530406,-3.0985550364722325,-2.788767326178254,-3.5088525825063357,-3.153075205334303,-3.25971986241194,-3.094869157851996,-2.7966268866541215,-2.9770671357116507,-3.249303831190844,-3.4859890682280383,-3.528859476285175,-3.8317253436121383,-4.097705053892542,-4.0280538937043175,-4.03320748791851
Iceland,ISL,5773.8221354536745,5950.034090390331,7582.355646772672,8056.83470154355,6058.47062059963,6180.136022780682,6969.435699658364,6883.152350528309,7342.879508475013,6789.395348534434,5873.104973430577,5544.752160527706,4303.887025423338,4415.057847546597,3971.3612273349945,3510.6337676716516,3259.2940681349496,3526.2084300921224,4446.232476693346,4138.39221150228,3222.75521760659,3920.007046988053,3134.0214621527657,3393.2167336812445,3531.723326419922,2514.2619067895725,2473.6798048567207
India,IND,0.8961057175098457,0.964524773991366,0.8511703194267692,0.8667029212346522,0.6863039026280013,0.7901700637988247,0.9051432064818359,0.7383256735201167,0.8007608461857361,0.7381303522182829,0.7570269989747702,0.8272495526446324,0.8898808361905006,0.818065341910927,0.7509375663375497,0.9755513207670061,1.2556217553700701,1.310520171947883,1.2719789992827124,1.2151849432574968,1.2217340668173957,1.1478344880478284,1.222872241113258,1.3334275272613807,1.320435796696028,1.441692482428154,1.4192605330690498
Indonesia,IDN,2.8097794779499736,2.9229413797878188,2.9270336535393895,2.940415536294214,3.2738363835841575,3.0261587173963207,2.3998751412118224,2.2966785994424264,2.9959623526678314,4.270880724527732,4.036426673284936,3.829850461079964,3.82790829886261,3.3726000473838553,3.0791776281364562,2.9149615893943306,3.506040154730556,3.4578667383728074,4.366863074636303,4.3220838844680145,4.341094387317256,3.4397312717272115,3.5113226644065065,3.3573432787105517,3.5055750868413256,4.193865849318108,4.156794097695965
Iran,IRN,0.8140414539921288,0.7188058727853379,1.0330695105424033,1.1645146130892767,1.589619822390369,1.6779697992212759,1.4745265344636813,1.1795323849833164,0.855819179936745,0.29232017062715876,0.6566408305482057,0.6148124783270852,0.7292596063244998,0.36742031047969004,0.8099321129668331,0.7258271829400549,0.07236855803203923,0.38555791324823296,0.9765364157576748,1.2195953495460916,1.2927773511695317,1.4351198005378656,1.8447857790803894,2.9191923936747397,2.62083443647089,2.5095149699080004,2.4964844498179666
Iraq,IRQ,0.010068316720741155,0.011639394204224995,-0.03717047451000788,-0.009092557206985097,-0.02610789712448236,-0.05419822064812374,0.00356493156314841,0.02201927351671107,0.009661812283940252,-0.07006333964610234,-0.2891610178656022,-0.31306543780803975,-0.6783479076320678,-0.8645077118324411,-1.254317332167176,-1.3349231216005069,-1.3639679076416402,-1.146012652957697,-1.0232808323652876,-1.1551770591662396,-1.285339724378721,-0.9287484065866207,-1.0615706940733716,-1.4867384688239704,-1.2912141192247015,-1.4714691589586972,-1.4360703780914243
Ireland,IRL,71.97075927786554,94.25483210115279,83.3476737048042,72.60962066095732,75.39417684579266,65.56000252356488,61.599979338579764,83.2463860978297,67.1598450882284,60.483044818855184,59.690296729141494,56.01902368886155,41.5357144124299,39.68893235836293,35.00499323423314,47.71465153984009,57.49423263852577,35.41480785501978,46.94841467547597,39.846538758190555,44.26370578408721,37.24262833234046,35.785901796153574,37.39938726407731,34.102735098151754,29.579485165874022,29.296358857988313
Israel,ISR,-17.095856445255706,-19.695264962386943,-18.056020927142455,-19.21320617350645,-18.980489626532126,-16.432588168246838,-15.854577677349518,-17.647326808831725,-16.680867583091228,-18.152459160792215,-18.981696914310987,-16.983424709324087,-15.560603325633968,-20.631124607730378,-18.883074991541548,-18.12848514651151,-19.27188257217725,-21.259236480529236,-18.051887360829383,-20.232019385049803,-20.99760418336017,-20.63036445477445,-21.98303058766956,-23.472988216856283,-22.299106838955456,-21.115356446702073,-20.75100907502427
Italy,ITA,-11.370538433373826,-10.544317084915193,-11.837852381431626,-12.060812232423313,-13.411327258725173,-13.888078342552548,-13.523903726513037,-15.2612915048626,-16.08446994182405,-16.254554582387826,-17.312615588804185,-17.234870004515216,-18.271220545940047,-18.42100464492342,-18.826923481879675,-18.53625934983217,-20.806937761464837,-21.74250388636053,-20.661835191207583,-21.264059965510853,-22.757629255376315,-23.88282156573927,-24.170940878552358,-24.241715440759616,-23.928946887367584,-23.81283322441832,-23.91303776931074
Jamaica,JAM,-11.017383412831157,-9.402009214156578,-8.282071801531886,-12.035187069985229,-13.952130982809164,-15.151809775051479,-15.638209232184023,-18.47409327821159,-18.54852058148718,-19.156297822863728,-18.604014382155555,-20.096514705297484,-19.491881756287736,-22.340712328617453,-19.900564177420872,-17.89360909865031,-17.15358548649499,-18.482838828707344,-18.14808035053352,-17.95623413290637,-17.644289663231866,-17.20922478881798,-18.785158860220527,-20.37042232849522,-21.016017261832637,-22.53801475361061,-22.49177006491363
Japan,JPN,-11.72034020635747,-16.840481565653675,-15.947933890654994,-13.055573421916378,-16.362941547989784,-18.661199727559193,-21.278724650784177,-25.940171501570013,-26.641830222945906,-22.685467095284295,-22.219205320508493,-21.008110512742647,-17.998612831136867,-16.695868028588606,-16.51800646939271,-15.68722063492676,-15.370713365567354,-17.350029918476025,-18.071258720638028,-15.30086643129755,-15.672861010175183,-15.600846647979871,-15.136911355083981,-16.071294073959262,-13.942722073872194,-14.997757205080223,-15.104925614389654
Jordan,JOR,-3.5024192752514463,-4.36021355101531,-5.002111511042727,-3.669601648786118,-4.240627473157191,-3.679194682201752,-3.52561021220254,-4.0210985091628855,-4.285159386795553,-4.24584090599491,-5.042809901180316,-4.4447487372207295,-5.098276443403342,-5.094390775617446,-6.294346740898562,-6.184968637029666,-6.118844371616593,-5.265623272993665,-6.865241406991889,-6.001050616446934,-5.588674092597405,-5.4793188597267815,-5.591127042554022,-4.955781306350348,-4.7597240904003995,-4.73197590531351,-4.625677027221373
Kazakhstan,KAZ,0.3939007935873948,0.7669951406281958,0.05617686264299104,0.4063217671123369,0.18993634432123296,-0.30590235509782104,-1.3354624442287184,-1.4880488586507792,-1.1391350309270099,-0.7679212378343279,-0.3256445083627906,-0.7347322115368011,-1.119062580332994,-2.0041420330760524,-2.0367170477768064,-1.6272877084420134,-2.2755280844538537,-2.645191240804742,-2.4727353860992944,-2.4979561124133958,-1.5723786758173772,-1.772318441596478,-0.8069746667006652,-1.075756138464974,-0.5819693810584585,-1.022820650305504,-1.0211127581246795
Kenya,KEN,1.3957801979983477,1.3562771147852128,1.2511300935355534,0.9726246557033269,0.669019650697348,0.8013781221366534,0.9218332530174997,0.8389684874167989,1.4531829349793925,1.1474205645417679,0.7908652273821457,0.4201951818167142,0.2461261241332071,0.2707226248415395,0.1930409102717876,0.15183386457018733,0.3281547389798738,0.3569536932982116,0.35405450599984434,0.13632722014474297,0.04248552938875427,-0.08586358558277052,-0.3007347981221895,-0.4222737295356538,-0.3530682945104786,-0.19511627081062644,-0.1898050938149325
Kiribati,KIR,298.5283079318531,324.6763939201496,336.37730464523156,311.98068099404713,365.1205412546836,579.6192833096927,329.660943778644,298.3927351134477,327.9560199696576,288.5499576632339,253.6991154357667,242.21683996426168,188.48407811964648,266.6740130708646,202.44510986376935,313.41255098000545,323.51553956819083,495.01509714714314,618.7779306783148,641.4983664402224,939.1840564854601,1174.2887480381078,1395.2132827916516,1276.3253804229848,1546.2700272972309,1738.8005492189013,1708.7316620164934
Kuwait,KWT,-7.655039053408734,-8.081314549022967,-8.173720233501708,-6.5790910659509585,-7.500237556914092,-8.886197317191526,-6.779986206658982,-6.491031105474404,-6.413760600061263,-9.852194488553653,-8.35901312203244,-9.81695888292098,-9.701343389189345,-11.510731532503208,-9.693151103660927,-16.26329017924943,-12.650474140733825,-12.64824985658398,-14.55129052976079,-11.415768728365787,-12.15059660123592,-12.825515811966419,-11.606335602411203,-13.426299799963173,-13.55990874749155,-13.40511926899542,-13.65817010043394
Kyrgyzstan,KGZ,-0.1682375630257744,-0.1270577470379955,-0.2704512716622858,-0.5085051219605289,-0.9518846958850742,-0.7691003386097308,-0.851603210522052,-0.757987432218702,-0.9265260746526569,-1.256896687161973,-1.332753248906564,-1.417694640938754,-1.7611671405408624,-2.294842676007425,-2.3632538798782075,-1.812020830781975,-1.9908014626537962,-2.2295645893319502,-2.5215349369778632,-2.4575519313404044,-2.8726698541870537,-1.676722470971743,-0.7893104865913831,-0.7979170321443902,-0.5831691410745297,-0.4757733476630742,-0.4663458366606534
Laos,LAO,-0.9635185845165815,-0.9293586138625098,-0.4472998466511786,-0.7070684493960133,-0.4419388252975782,-0.536755953861455,-0.8175325403289211,-0.8192488688643511,-0.7552854899883066,-0.8619629551619035,-1.019354578136742,-0.8655817691800252,-0.7028140142089843,-0.7701898897507,-0.7023401968598346,-0.6033524784347861,-0.13031432121825048,-0.16379445781475255,-0.10782378264026349,-0.11320473255981867,-0.14765730201083827,-0.2521286011482502,-0.16051428578045446,-0.8288790088412199,-0.7939019981313251,-0.9111140119796062,-0.8977941234770199
Latvia,LVA,25.20217037932848,33.78936255027311,33.93050622874311,24.77894808289804,26.658268836749272,35.536881148191526,44.433681338027235,43.295563647564464,40.99331879999619,40.676019769958316,42.28504530711808,54.6183962961353,49.52258068111948,51.161230853009755,48.652157959632845,49.55795605971775,51.01901745358689,49.87699690136607,25.741449764823145,34.088166069237815,37.28624684264447,19.00978779967177,33.26321865461277,37.10241451086199,47.36022836961048,34.201962016427174,34.35501901812037
Lebanon,LBN,-2.6526813240419633,-2.4993795425345917,-4.025492532062591,-5.813140829211113,-5.113452611452168,-5.250863315085504,-4.54809371751471,-6.243777024888907,-5.069447281176685,-5.49207917338679,-6.77095725536268,-6.217595198424313,-7.2656190246176395,-7.152721648267033,-7.403567255104195,-8.524721183568953,-9.611504373400459,-9.141257061486833,-9.184347191722132,-8.884787000195004,-8.78086671295352,-7.540026562893301,-8.448623983884232,-8.776760898308607,-9.609968727819629,-8.160100199530596,-8.329912742999658
Lesotho,LSO,0.0026933198422064743,0.002359887754004475,0.0020810763362563017,0.0018489036131045175,0.0016678660505888496,-0.0034773257461370045,-0.6300837033964464,-0.8369888397341342,-1.6546518980385885,-1.0038560444782525,-0.6969115652104476,-0.5393150101624101,-0.5435004314141525,-0.5981519358082232,-0.7096952275445234,-0.8156855704548724,-0.6946710734110888,-1.6162116789142584,-1.2087990385469554,-1.2025506528077692,-2.4132741118662118,-0.9010880259493312,-1.273666440849201,-1.1541627935699332,-1.892196117914721,-1.6905739429631568,-1.6646982262883616
Liberia,LBR,-1.0928168749346026,-1.191377957462473,-1.3735077255396484,-1.5026924775370354,-1.1198905726979271,-1.1665312411541455,-1.7525432518523685,-0.9501464127693264,-0.5401821715242896,-1.1566522962005852,-0.7579833736272255,-0.8613931685928304,-1.0036136372651248,-0.5950448074012598,-1.5408455853034293,-1.0885485683987666,-1.9325186357604536,-2.0266254653817963,-2.070300793389389,-3.0748655916655574,-3.8705738449729763,-3.2865283538486834,-2.780493819348613,-1.627464783888477,-1.4079133515251496,-1.0251598423385917,-1.0036440676195673
Libya,LBY,,,,,,,,,,,,,,,,,-12.89820316883277,-12.438943884605742,-18.314295384041756,-18.148300047920294,-16.108738742951118,-12.72160947288851,-12.32505285849461,-17.619851273974334,-14.846940777823528,-16.03020985018468,-15.832722140181598
Lithuania,LTU,-3.2374328952125264,0.5269363737556638,-5.86072138447091,-8.537061856348181,-1.9353468683023074,-7.203941588498697,-12.587613176416475,3.143474474042101,2.420162933526541,10.113046782417584,7.752039363107151,4.321633513936277,11.703859463921901,16.66941879529415,15.454411862341928,12.876402459053296,15.854105786428015,14.102870969893438,-2.9115278546507852,2.0194494662716735,19.888769874627194,3.76177465870137,10.106544197103766,2.0839240357556115,1.0088209157618735,9.424944082253063,9.115271193061222
Low-income countries,,-1.2080775195233637,-1.0240467256197991,-0.9550428346611124,-1.1493422096591308,-0.9736493742929713,-1.062731039649445,-1.0295796947694074,-0.7797647665959038,-0.6125317696244026,-0.7568348324032246,-0.8207859356078773,-1.027833961768081,-1.1368742589797574,-1.350459688310384,-1.452842836873486,-1.5019669071342618,-0.9236040069820772,-1.1079612763889815,-0.7529927035121524,-0.835521526164464,-0.8838421353274777,-0.9763623297727753,-0.9898607079024853,-1.1539703285987537,-1.0046814219061897,-0.9680639557525677,-0.9416659015370401
Lower-middle-income countries,,0.9124975166385783,0.9232977258089923,0.6161817206974645,0.7765925032559853,0.5901954303062169,0.7202024994586145,0.8786197956799047,0.7512158653150571,0.8191828928294509,0.7877483370298766,0.7798148961260907,0.8239010930484074,0.6576601617437667,0.41543373380353543,0.5771795372999229,0.7883501033719664,0.8786607310712622,0.7830051308060337,1.0500517005627934,1.1278907124544624,1.1911296074729076,1.1282261947625916,1.5205889030726514,1.9208738661746931,1.931276759262106,1.9773605997398143,1.9529132866047298
Luxembourg,LUX,,,,,,,,,,,,,,,,,-29.43971,-30.640179,-35.419598,-33.12012,-35.059685,-35.10969,-34.379704,-32.009464,-33.40945,-32.63942,-32.09995
Macao,MAC,-37.16982700017943,-37.54786487310888,-34.79702223344168,-31.641172559505055,-30.229930526678267,-29.44333746956231,-30.82760784885563,-36.6071150673968,-39.71111107572578,-50.63492232084177,-47.69884562870042,-47.457040733211144,-51.481644437654424,-58.038367827101396,-55.25578356959866,-50.534723967804744,-54.324087153479866,-55.74279534497824,-51.19604254584127,-51.31370216145583,-61.442964581686624,-61.498832368105354,-56.24487504671489,-58.089839695619894,-63.53244347636605,-69.3733989136461,-68.0733114421299
Madagascar,MDG,2.0884352687462826,2.280909572087464,2.4983833129319173,0.19215740000351644,0.9071956205352016,0.6900964208408409,0.3618273638551335,1.5403593412752814,1.2019095351533915,1.0915447532060067,1.2421352903385934,0.7075906164157679,0.6517403334969414,0.5664745694729305,0.5827074891521589,0.3890750007282593,0.578104520660907,0.7496468676856702,0.56431784509462,0.6274512617811636,0.6189899895240569,0.429395499629492,0.5213527937255895,0.8302422920028123,0.7436415439111865,0.24827367139410939,0.241082274350926
Malawi,MWI,-0.030246647793878978,-0.021094733331803006,-0.03985748290551605,-0.10695806534181163,-0.05789989486772651,-0.1533911847273135,-0.353620107164633,-0.07578034480749984,-0.06022975781772422,-0.12631123591592264,-0.15359091901660804,-0.0879827977999117,-0.2958619666648987,-0.3263027181213607,-0.5890799762903445,-0.3507580731255562,-0.3425757304945085,-0.23533699644244255,-0.24263771854822735,-0.315684904341758,-0.4181080448578305,-0.42849393762314847,-0.4987293674688118,-0.3764413910980391,0.7000049419166157,-1.5132018630752384,-1.466312440539788
Malaysia,MYS,6.116068928309637,3.278766563245888,3.245603591772884,-0.40557395073099656,1.6746487780316954,-1.5212342623440236,-1.3513357274176272,-1.4673739243936268,-3.3291802281304754,-0.03427457013410873,5.861001863859244,-0.0008059315282977764,0.8841468364268579,1.8300337521457593,2.344113152258899,2.6544015272510606,3.1694240312412134,1.9104656611764312,0.4303506261911565,-0.809869774140445,0.47540202182049995,-0.9475917965218343,-0.6681303228945836,-3.8790223090547897,-3.9588913693862793,-3.576442307667314,-3.6040593672593175
Maldives,MDV,242.9697766781618,266.1769539853268,256.06346938709,255.7061986528484,271.7080555907544,273.7805940326865,246.6007692598174,267.499652151475,378.35208433386714,392.2869564794922,402.1957652332672,445.43749826189253,486.28748727972214,311.7880878365918,271.7078032400692,190.97744781814737,167.4081238530381,153.94431009740902,145.80528464192832,165.0001065709772,158.0551097753268,154.48541118774304,157.70704062176864,215.56371053611525,225.84031700093212,193.80335509268312,187.4674323248501
Mali,MLI,-0.1778026980238847,-0.4421822780737301,0.7375911522492675,0.18578018412213915,0.10993451690642253,0.1201201723096812,0.3777715311421783,0.28459364519689956,-0.11097327321102313,-0.6096335039047833,-0.7218186006937346,-1.0370012962635773,-1.2401133345045858,-0.7301785108613856,-0.9265565222276475,-0.8655702371937171,-1.1980723028953033,-1.1874447982399223,-1.1910017161604687,-1.1631464946032164,-1.602337931771216,-2.0270102869775553,-2.631231313928236,-3.391025059534197,-3.637978443234328,-3.457507916734185,-3.3416650821699934
Malta,MLT,-14.068950517612272,-11.934432063990183,1.5105762671588892,-21.88460277476087,-21.418323629033324,-23.11297090558736,-21.88152222724147,-24.53599839120331,-23.76228441555137,-25.628448754671318,-25.909984081791627,-25.15200820644145,-23.363393014997726,-22.37724358163571,-22.334638489749835,-21.377414684410645,-20.470832671408154,-21.651860185769394,-17.01990456898007,-14.664435472143065,-15.942156839818274,-13.08256590188526,-11.706663121491939,-12.827682058948238,-6.6467774202935,-19.70892341460705,-19.320484078994546
Mauritania,MRT,16.208024353807264,17.628248862581664,20.18984597295601,21.463604882021272,32.33916211850564,33.915775199958375,34.79094114477027,43.65459863250331,46.98701544798551,61.07785964949971,83.84088319251005,93.51990828644784,45.994650759355736,61.31994547718637,53.082578017991516,56.64154189500769,72.76349314364752,97.44318406858028,111.57663693224437,94.58548892165972,89.33812527775831,93.03145281418895,140.49513327437592,179.27935294929085,215.5236667951269,152.63650221708104,148.2219328783503
Mauritius,MUS,-1.6343537786079914,-3.7836866116652175,-7.59140065498738,-7.55652406169019,-9.31533251326656,-5.818011181854596,-14.74422608922994,-10.184553239665787,-11.5012219498319,-9.625421492089972,-11.022649614763345,-10.754830291813487,-12.028088360687647,-12.253404542067013,-14.86394973440219,-13.554657016457684,-14.807497426472079,-15.224878417228563,-17.348534301152522,-16.632929511091884,-15.417290003106796,-12.337545271363371,-12.713898369927552,-7.349125455676667,-4.039021460295537,0.18865863823274864,0.2874130642675148
Mexico,MEX,2.065274058889436,4.6167372380627665,5.072328676272562,4.249923057647502,2.9368911944772425,3.1338048899570747,3.645943250009669,4.409259686419757,4.140197383038679,3.472563124704532,2.350722539056658,2.054785046429206,1.8306932145361259,1.9197770691278464,2.6156247829085366,3.494541651191014,1.8357077572334966,3.3990542710329237,2.7032894052348375,1.3267361560893658,-0.73027385508896,-1.5236584723625093,-1.8819759181381617,0.2497664573145162,-1.1429920194881564,0.45816483137163644,0.4396186227007437
Micronesia (country),FSM,,,,,,,,,,,,,,,,,,,,,,,,,,1620.9757178938112,1611.7052647222147
Moldova,MDA,-1.9182695212309953,-1.7833865058022773,-3.6120704013331735,-2.8267132729014297,-3.4867912278004054,-2.7426276023537826,-3.7235976240984,-6.232318140245885,-6.413522461392678,-6.404210547066198,-8.135002969126235,-9.815554933057319,-9.52531780355054,-9.499167294040165,-12.970031090051041,-10.901580543187908,-9.645695604218675,-9.181673947780297,-9.502534281886758,-10.706857754844384,-10.41851624405917,-7.892658529002615,-9.212313174401244,-9.720262736496007,-9.986051184771348,-10.345615302823429,-10.408286271245807
Mongolia,MNG,-0.0012209638413491208,0.009334094447856912,0.05376293872149,-0.003121218533860229,0.10889056111133777,0.1745009706497894,-0.04979416706338913,-0.2744450061833052,-0.1604159399064028,-0.14365658936036446,-0.05511156802579832,-0.07289119718614562,-0.07060509087956263,-0.3753078367682997,-0.4856601251488841,-0.36702538699744985,-0.5829851885042887,-0.8608560341849829,-1.1185350502793991,-0.8789580582562072,-0.8628340062931485,-0.529841186046024,-0.543421215922705,-0.5935568710625759,-0.7305285080499186,-1.090716563532964,-1.0708836424588883
Montenegro,MNE,,,,,,,,,,,,,-5.061792916979162,-7.290205472778139,-7.634679871869341,-6.918369691846722,-7.19919536765334,-7.50970410496277,-7.457446267695158,-8.255520045140342,-7.9968956953447705,-8.298454703510483,-9.253052386718718,-10.609546402256033,-10.278886460317409,-11.678004927258518,-11.684263522265502
Morocco,MAR,19.99254792422548,24.47866647167352,17.444500023294633,21.506346184274577,18.516954460988323,18.587801027126925,23.683119556474992,29.661528049319124,23.28843929454651,20.523803296205767,20.11329383494403,21.341595611691194,16.704968339910266,17.07905494360336,20.48625328544165,23.96433128036299,20.7095486917979,15.144504348286217,17.960885677274675,19.49021844488288,22.93880297352367,19.27081628515739,20.988289835364636,19.393944021434056,19.295225026047053,21.59713328222055,21.38574293695247
Mozambique,MOZ,0.4453287856882968,0.4121668050186811,0.46415284283558167,0.6921567371143544,0.7142451120628159,0.7820480684162265,0.32873394732962335,0.2840726173382786,0.3578753236356267,0.24304195008538088,0.44427064586663967,0.011713512309618146,-0.32548065148126604,-0.18938059286910036,-0.41925182709526343,-0.4576807328320891,-0.35454227512610803,-0.7887537535095284,-0.7180475120994458,-1.4155607436045745,-1.1428862120892447,-1.2872007406486272,-0.8518824500265936,-0.7342037167904909,-0.7064211618058955,-0.6630978420169793,-0.6489218612493914
Myanmar,MMR,3.849032504840668,5.160886267172897,3.8037502843887996,4.942039369945579,5.228214710206963,8.168759525250389,7.616009994486522,8.742640195412218,10.769826954589327,12.50623679268325,13.082387476454869,17.860270236487253,18.554795071407632,19.001571614042383,20.184334266133,22.748751864313732,12.04616094328258,11.420527960171775,11.283758794574162,11.605930830318364,10.88533733216056,10.660330055464314,12.095007796573007,14.812634851587099,16.080858509527786,16.441934412064818,16.333482022822125
Namibia,NAM,405.51631799661703,341.97684286087974,300.8559281239464,290.1089342081514,336.78458416203347,312.9749319129179,310.70883998581365,281.6258030228652,316.47396102544104,318.17307421253236,279.6883191489573,267.2798538354067,241.1133980220374,190.09292268233565,169.2078606816799,168.77750090536247,168.565719290858,180.26910927697278,200.96915770729777,203.32300564803822,180.42720369927133,201.96137459756014,198.35642172190975,187.41309725539372,178.099582669669,164.64921651367666,159.7910570563237
Nauru,NRU,,,,,,,,,,,,,,,,,,,,,,,,,,2840.26949541218,2827.09424411916
Nepal,NPL,0.00024031375762623153,0.00011476397386933623,-0.020250611995822565,-0.005970473832439427,0.0024522449829578186,-0.0027919668194307246,-0.010469570055091415,-0.01232871270313507,-0.00734138938469675,-0.02795051477744903,-0.01704036139971188,-0.0122799551118149,-0.03948061801262703,-0.06055721373829126,-0.1076579154292483,-0.19923574874129812,-0.1711833596319099,-0.30026220501417833,-0.2962180742745586,-0.2751865351416929,-0.35470059253682384,-0.33212348505937994,-0.38670202992761604,-0.3253939612909007,-0.2666597659336789,-0.30336856048690786,-0.3052961396443319
Netherlands,NLD,20.317369991021707,16.198629461927254,15.827079808467772,19.696219327789656,19.28235232825477,16.93235077520696,13.970191649856108,13.129189421833985,11.909968528153751,17.313103895919532,16.141037293382063,17.55403255641935,10.430163715303781,11.602092505521629,6.481554990691656,3.5312594323187163,5.460010730948806,1.717590509456823,-0.8174861638587458,-0.7337562388548058,2.6507328576771236,4.79478495217311,4.174422711271816,10.660556811056647,6.784362464048918,1.0300427392583664,0.992403769031359
New Caledonia,NCL,-1.2587872875399384,-2.169013369875046,-3.461770105419216,-4.072591805906409,-2.6612069048831444,-0.003148945174825002,-1.1353392635124528,-2.0111737218791994,1.2684552289988247,1.5922976061584215,2.6588054822410925,2.356029691756241,-1.1647277071381552,-2.7024891202723254,-3.172677832298529,-3.445111393848226,-6.518437346356755,-6.929829418233933,-7.351028203357387,-5.9902924216853535,-4.4372513000892475,-5.653829149825018,-7.24965931686836,-5.372625571562082,-4.86462505502675,-5.525527142974504,-5.48011332259858
New Zealand,NZL,117.94312132530983,143.58758218155444,113.9167773855434,156.40849535582944,166.97439441136524,156.48205595358175,142.90266941437213,138.3675629577446,144.53430583709303,131.69602540540598,129.39013551259737,129.7039065203884,114.65197545222004,115.08037360772653,105.74632783624715,100.77457691746308,99.49113909347258,99.33169077024766,97.76499391360892,95.48174620102567,97.07471375909384,89.02349405958059,88.94667521937876,88.58651215297789,78.73833444842562,79.72921033179942,78.57605496802398
Nicaragua,NIC,1.9259511905578575,1.773346873294242,2.2034628890063996,2.430882283381023,1.486563222292547,2.020644196893291,2.4702931960349104,1.4091388499375177,1.293228856591003,1.6338736080556981,2.634752928530912,2.9912850809928964,2.8081324929467035,2.923156839945639,3.8272989870437115,4.094456416531647,3.7003107246016747,2.840452676758078,4.492078788590969,5.61197716327281,7.109855929894233,4.994115190211822,4.151470488891538,4.763488980015946,5.997977207809784,5.919263366114201,5.853151311287111
Niger,NER,-0.029183746637070795,-0.07263346501891749,-0.0809238404182055,-0.11217624811352145,-0.013733465785892185,0.2544702098208189,0.25055245919762026,1.1498223486595696,1.5126254499680098,1.100685526464213,0.6502447883603932,0.3181639564733585,-0.039048162745396464,-0.056914618405463635,-0.10688681011123613,-0.17299090004963102,-0.16868008154098124,-0.05921165250406313,-0.11741935899829414,-0.1293810065304677,-0.1569373376057568,-0.39085704050374503,-0.4033316567238523,-0.2780490272403533,-0.1752760361264345,-0.15904339449998717,-0.14620278230673622
Nigeria,NGA,-2.5288813719014147,-3.050339123040737,-4.151217292706016,-3.3707245938477337,-4.017990557864216,-3.739109980835053,-2.9654326461866933,-5.919191068743228,-5.031524596893151,-5.583340663150981,-6.702645975994123,-7.1017159796835205,-10.68183672599394,-12.916717754252677,-11.420017684176727,-9.425631882873944,-8.974178047420807,-10.07168150922233,-8.033639548435662,-7.766315511227504,-6.427660128990106,-5.673469730468246,-3.7110996295664656,-2.9353069582259437,-3.1235146092159543,-3.489538746581956,-3.381682876067707
North Korea,PRK,2.6375826170074284,3.0194161043419676,1.834763442594591,2.034411866103502,2.04420705579118,2.5495352202758443,2.331141493427465,2.015722532682579,3.2361403590521203,4.34049978002043,4.781132628575946,2.9151653564180062,1.8803150172198357,-0.6544541099104837,-0.5240705606482141,0.34463217659531864,1.5053509181656501,1.3257756827091107,0.7487382376708105,0.0924498359285657,0.8052311924579936,-0.08713355981353921,-0.32972716908641075,-1.3452952263275861,-1.498613866942872,-0.654318043900803,-0.6456817025236319
North Macedonia,MKD,-3.381931476899274,-3.4751450792588656,-4.059442509109881,-3.7640988586088593,-4.0275338930764795,-4.008589338995853,-3.523806403769586,-3.154999084478812,-4.322596275754623,-4.368163550153309,-4.755066241842668,-4.184420726956734,-5.270505029149932,-5.563625921151444,-5.225860046918159,-4.8060727553235685,-4.7367243096333915,-4.936225176647609,-4.44541706894452,-4.710507828021934,-5.3191814758760705,-5.683342399591792,-5.654057011108732,-5.295624398010796,-5.498619121267053,-5.531637353809489,-5.524647201860984
Norway,NOR,546.0291092276777,592.2095697468061,624.8150372190574,681.0233527244218,685.3686602564413,646.8944610769853,660.6455145623632,659.0477684543318,675.2726307648804,638.8633526188808,636.6576188866094,608.3011522466759,585.6023276661442,631.8705064306944,634.3639334801187,670.4788542085795,702.5390215857448,639.0448815553228,638.9606607003253,603.2644841605768,656.5191572471078,657.9471429876403,590.120239055628,645.2679356150551,673.4343932984641,652.8503254063169,649.0154596336624
Oman,OMN,33.71633993179111,41.3470792077225,31.445125045446638,28.442945127084812,22.14857609828688,23.47449518782375,27.826519486981066,30.935411398223803,35.21518117623903,31.968937343481535,41.815825293820495,36.77213309131119,30.7562156349371,31.037242276550707,29.682330049473524,30.0788251027726,30.55340192445886,23.016832330335376,26.862552923433356,26.64666693629619,25.357740389133394,32.95673868723962,34.938004543271504,47.52222639556181,90.95000363520701,95.49960185136436,97.02067452086222
Pakistan,PAK,2.053165885902363,1.9619113897163096,1.977005736552233,2.0817944287156207,1.8738558940790364,2.039961193256114,1.818564060160547,1.7983260350266717,1.6991354767245253,1.6266146757953206,1.4425365955794727,1.3615950744129552,1.558463655127017,1.3693003992895185,1.406398448643204,1.3248999218331188,1.2494742469833235,1.1772221198044317,1.2708761886432205,1.2278587691882288,1.1832883559340672,1.1803944463662155,1.2762073133638714,1.3700802396365384,1.3155419670160733,1.3230305154040793,1.2927454661049047
Panama,PAN,58.06551295210648,64.41370176057423,44.32368961477039,50.029352896403644,63.276989778838775,33.524020252153335,65.09322657498466,78.10127457755303,69.90547419255512,61.177753624410585,57.12659039443036,68.03467563213377,66.35913514985171,52.796099929797094,53.32079308431966,54.248333325719486,37.73892557241638,33.95785734491112,34.94825977670605,40.39224126324616,29.960980138983803,23.9269271643576,24.180969864701293,23.368947167019826,28.616134385781045,40.694203759386205,40.155074289908505
Papua New Guinea,PNG,,,,,,,,,,,,,,,,,14.195021124971264,8.707683885295857,16.793962166241574,10.682170392631312,15.202224248847884,11.729156760610906,19.56807862113969,19.88263016020759,20.146349922553355,16.30724411755899,15.965267708416716
Paraguay,PRY,-0.5356934312039145,-0.42139845136747045,-0.6010236865861414,-0.4643436933361871,-0.38482669660581603,-0.22392416755093159,-0.2339291457867807,-0.2684435046666245,-0.15272580164055327,-0.10725275077185792,-0.17536317324167428,-0.21247914556261982,-0.1564142313312793,-0.3045914822294131,-0.43793345311580323,-0.44674303977847885,-0.5519926453737156,-0.5184828487033926,-0.5532067153245599,-0.6740655138780363,-0.7937032112538502,-0.6664637859263993,-0.6734928465601673,-0.6853069079279903,-0.7725035918844272,-0.7079847168001523,-0.6976284826370565
Peru,PER,484.2264379792251,345.1221066808964,362.16120269697734,289.94738580993214,150.8294811294194,303.5702897746726,380.1935784144974,274.508377348654,303.7938600448483,201.62634057986944,326.1219416986875,316.6713306301221,228.4691274915159,232.08682027076645,237.02829722000476,218.59225485581555,128.6632736450291,262.038406479878,143.25142387103992,177.85061540364887,98.43178684174082,136.49253599390627,101.85857947293428,110.99718732617833,202.09165253199222,125.9099599410941,124.48472805128506
Philippines,PHL,0.33589027410769035,-0.24904724894598473,-0.04816855020118638,-0.45501797339840877,1.0067818342984118,-0.7876179315359906,0.04303700707834679,0.4698693179960003,-0.23120550240747662,0.6999743772095428,0.7924044660198497,-0.47374177131798945,-0.0944979218429367,-0.15790079664153467,0.5379970399890581,-0.5676981428089007,0.37265314454159437,0.21658780188040438,-0.04616726371211399,1.0295666810614499,-0.2082725569372812,-1.7871206344200168,-1.8681745463981159,-0.7496264759990865,-1.6802152098415064,-2.5698837756724835,-2.4092066858002283
Poland,POL,2.1214686016148008,1.22478051184887,0.01875948759305679,-0.6714142338224729,-3.1213124626463538,-1.7707981758252656,-2.9461767914741985,-2.840916472843313,-1.808205476022044,-3.055700063744445,-3.464829983126564,-4.579764104540699,-4.936854013737166,-5.865653621332432,-6.433592861750513,-5.104652835046772,-5.902679411754126,-4.209776752314057,-4.339598514615245,-4.131840451408556,-4.874611772207781,-3.665446847062406,-5.60879349796106,-5.297564342501329,-4.472296195136015,-4.528781527197645,-4.529148089525151
Portugal,PRT,-30.47154131468905,-30.76881576833017,-35.64897615797324,-34.028570861666054,-38.30561731247133,-39.08331725298601,-34.29138401068539,-35.56179897459922,-34.499555217270526,-31.61755213669519,-31.98089526636177,-32.998836498714745,-34.22575326480556,-35.082356849051486,-34.57806257891715,-37.740036281968756,-35.29805678823412,-35.49054122895953,-33.22150202337757,-35.06274646883457,-34.55608512701464,-33.56829204046647,-38.579473057790764,-38.392609785728865,-41.05187545791975,-40.30278571274975,-40.303121554862685
Qatar,QAT,,,,,,,,,,,,,,,,,,,,,,,,,,-17.244020027387418,-17.655936691264415
Romania,ROU,-0.5225366887957006,0.03313362098170147,-0.8047574149113172,-0.8474133401276905,-2.25165567829472,-1.5154108498336651,-1.8798835765485165,-2.4037318448270084,-2.717309625237184,-3.143851151887978,-3.722025136192742,-4.707476748033801,-5.123884502131858,-4.8449605182164825,-5.91636239630549,-6.018932352959036,-6.248852919486374,-4.64756947122711,-4.987488207396501,-5.084408321742295,-5.7721523723561186,-6.075896447329372,-6.180739378256078,-6.8880722003799395,-7.221911860331074,-6.7906093087095725,-6.813750779232906
Russia,RUS,13.45737307054216,11.309514346835812,11.502594080443082,9.168264179293551,8.686845606116147,9.1091560903651,9.708038624561343,7.727568381326055,5.9709755843043375,5.941225043971478,4.342096433592321,4.251055567796286,4.884861485091168,2.4013413039530604,2.4112951776849947,4.520942096318716,6.492274899991294,7.916169355239855,6.974175142037939,8.05334434034102,7.926336565868876,11.52063712478213,13.193962361118828,14.45453066897969,14.719442887125233,13.827943508652883,13.847255310643458
Rwanda,RWA,-0.0436090993769469,-0.04173586551652253,-0.022207474835911012,-0.03788573381366034,-0.050099745787283156,-0.027013561679114062,-0.048471001282028636,-0.029343276998242906,-0.04951717113087395,-0.030139889441586187,-0.005611185234233429,-0.006041301425403378,-0.3453279124848777,-0.68899722716771,-0.8392027882851021,-1.0371613275379605,-1.4903193363101197,-2.6676535162535644,-2.8303529918675547,-2.537103641163076,-2.784151544625939,-4.2910694597139685,-5.359141398434524,-5.385800663517035,-2.7554834877869543,-2.662007409335553,-2.594979406895998
S. Sudan,SSD,,,,,,,,,,,,,,,,,,,,,,,,,,-0.048058093450033645,-0.08705047144554312
Saint Kitts and Nevis,KNA,-3.1084656073496344,-22.84938518230335,-19.465472453861036,-16.845052984949255,-0.000846731927847344,-8.773310159913947,-14.465664242799082,-8.531727484765753,-13.782297810979852,-13.218745601731602,-10.25966222068757,-2.176001981101617,-13.196479877656149,-10.066306942482989,-13.254294260452014,2.193146613195289,424.4872745850313,624.5772129224998,430.17801742468544,338.4029562729126,1365.0997058753608,2091.662709903201,1358.3294321636129,1775.7369637545567,-14.883734621534273,-21.617990287903943,-21.65680501535312
Saint Lucia,LCA,-13.738693257611274,-13.294712994596127,-15.90954982872392,-14.734272355161748,-13.08692071334096,-15.663414974693561,-13.888828529150695,-13.084253902350136,-16.097438067984708,-18.34723957818204,-23.83251308980213,-28.045337942282472,-22.315456405281505,-21.74635099817008,-20.177910990403696,-16.48463261596421,-15.602551948513925,-14.345046871010924,-15.73096222407949,-13.1652583549429,-22.31261269502426,-21.8868457341055,-19.96335962061349,-21.80914582253675,-17.022505549776312,-23.198748948298572,-23.114926293272223
Saint Vincent and the Grenadines,VCT,23.301334614564517,-2.949281332908795,-5.271317318911034,40.47670665229148,287.01747533914926,142.12560337253933,185.67650879420933,265.927047273336,390.85518149164204,317.8670099661161,677.5441255289975,375.5369835090917,443.5569760218342,550.0790018956527,485.48402946382583,520.9498925770436,585.2076490672147,681.6413779068449,75.05004443209445,346.48899858837234,736.5006606494816,224.62903833582612,195.4403963117097,292.3569617364561,2.7579673370371083,-2.5227847251540574,-2.4691324585667367
Samoa,WSM,-22.665973921722056,-16.128918863819916,-23.49838173936747,-3.976743509196787,2.0224509144259244,-6.6590974801502085,-4.305780524285204,-6.191446463559238,8.32593845247775,2.5778117623459096,4.448943348544553,6.256310673982448,19.732646091357033,27.95157015320718,26.024513033747468,22.48046638698898,20.162053920403032,12.905197269352833,14.333345901092521,10.620577264401206,-8.767558542681613,-2.473584579898315,-3.25608139783499,7.37992327105443,0.7397570955947899,5.945722390523038,6.05868710218062
Sao Tome and Principe,STP,-1.6260926168866376,-3.679538097920762,-1.58520713320776,-1.4873491924223003,-0.2341458745071563,-0.05414157443701839,0.05168727375232862,2.0152429697234666,0.4937347245599639,-0.11259441100485645,-0.06110705249809811,-0.014712993813795094,-0.3412910312403774,-0.15889163294070485,-0.3427200467642457,-0.2426886646145725,-0.21688446846450304,6.487424023994826,11.210905758503472,16.60181457176287,21.48980557851408,27.255884694926763,27.72648265658658,23.097157398848232,11.339602856069039,0.6209466343836105,0.6058904932282978
Saudi Arabia,SAU,-0.8217047601720653,-2.629996118191252,-2.264855854950639,-2.518093779798021,-2.870836413090694,-3.286495137785171,-3.195824646662496,-3.9613519861163438,-3.770424562384489,-3.6058449697569084,-5.168131120503505,-5.439331177736995,-6.0778994253219105,-6.245108351202749,-4.172876278659979,-3.973434006876463,-6.862065871173327,-7.094072832022709,-8.95109690691747,-8.912417946761934,-8.72875540711619,-8.016269777177097,-8.064122669777959,-6.974210457650447,-5.6827703430005,-6.7202434286296535,-6.748691727217447
Senegal,SEN,10.633215555950319,11.347306592299912,17.95435104149126,19.298272229690454,15.217433580720602,16.430705455765484,11.504451219350656,11.688157101496728,11.628457779045668,14.493524959097769,11.422998642512294,8.437218030477489,8.970655221452468,10.885999476875664,8.269154595807343,8.841035415580325,7.656615039666281,8.676587993588807,9.593013095149928,9.417815142533687,11.237272047931821,11.905960147382888,12.775771481545764,14.618757820435938,10.910550287646576,13.651651903255967,13.304077165013375
Serbia,SRB,,,,,,,,,,,,,-5.145862127950178,-6.781430093846902,-6.857238504592326,-5.748425832240033,-5.452263710874391,-7.7634957007313234,-7.468880289376766,-5.7809729432692745,-6.36117530472357,-5.1014713995531995,-4.224051953438684,-6.2808056954178895,-6.588116716529421,-6.567799966038075,-6.606460558650178
Seychelles,SYC,,,,,,,,,,,,,,,,,857.5639419427957,719.2130524942035,633.6563836529905,670.3075202308144,659.2360556331082,918.3205757235634,1074.6166542897774,1203.8443968352246,1200.0029688723023,1098.4168838796213,1073.7656611460445
Sierra Leone,SLE,4.168983224024343,3.6846338361146618,3.725853020731975,3.233349391683964,2.1772060357634455,2.1846992165348773,1.7999297433487627,1.42179634994028,1.752219334229384,1.3046085741953881,1.4800587212911793,1.5865035932575076,1.566694556116282,1.2932967563724134,1.620510816640227,1.5092823583254003,1.6931628696517542,1.6364186891434969,1.764297847420508,1.5934108500583193,1.5176295237962272,1.6597569039288516,1.571173121364481,2.4096178499315677,0.8539694662827735,0.8697841113451297,0.8530602382973989
Slovakia,SVK,-5.921810025544474,-6.199890557118437,-8.681323106398798,-7.641991384819417,-7.48488316613964,-6.4223835444374,-6.48626496435233,-6.033624135409399,-6.366496357027141,-6.886641713052793,-7.181562956113172,-7.388695261150714,-8.468808843610205,-7.166375426977709,-7.340832113419934,-6.809351948663286,-7.571564174961614,-7.3768481667813735,-7.206836038195688,-8.028875039301925,-7.874610725080362,-8.864849098272616,-8.407444431815525,-8.888464975800007,-9.235755892335984,-9.35521049795051,-9.355905122749874
Slovenia,SVN,-4.536621206542404,-5.654313541793945,-5.8067227975453894,-5.134270605072871,-5.246647278748591,-5.389333298680899,-5.168971811156734,-6.065746652744279,-6.247943720231797,-7.096760513122698,-8.342443460916185,-8.0506971808811,-8.729211601341012,-9.25190078436282,-9.79260863436193,-9.682105992165496,-10.303634500407902,-10.067118171524376,-9.26122190387572,-9.777401698220041,-10.260658544645443,-10.258492209474806,-10.307306633083968,-10.875679625123036,-10.822037948835554,-11.838426240827172,-11.81889595340843
Solomon Is.,SLB,93.69316852307425,131.06955648578924,89.7479309936316,103.96819883989397,98.82492675455167,87.15068876890771,13.061393247563462,23.516967017482415,25.110017403053693,44.93369470058327,40.231276262046535,29.500000460162703,47.02306437658919,28.601547059936102,19.110231607894626,19.20837228302615,33.3477537326001,33.279534973280015,31.428763219332595,29.200706725154298,82.7236715869447,79.29884937513195,73.90886315170135,51.799989788978436,55.76870895065074,59.220979882261496,57.976752787912005
South Africa,ZAF,5.780784299178259,4.92367459022705,3.598674174286953,3.6158502024514245,5.933910777677827,6.447291588189119,7.8244283362803735,9.120441497516882,9.261285804042629,10.137475853400428,8.515244490198489,8.196257520458147,4.644624199330409,5.7596560683125135,5.7832990105844235,4.867890835635036,6.243389272961748,4.520726812947622,5.774408038030711,1.4879167214507483,3.6950334633028836,3.590022168689444,4.629467160599935,2.68963976906194,2.002465176445499,1.0100354434492385,0.967745175577166
South Korea,KOR,9.042694380517425,8.717700629077932,9.14967812545931,6.056327962549339,8.205257534212336,-0.15314546875602275,-1.8306525043395965,-5.974181321724977,-10.227393016255817,-9.700490279295067,-12.060448916261699,-10.709456118729548,-11.405975640029133,-7.125939310728427,-8.351047868646582,-10.53681386384703,-12.480538322889615,-13.912130804326637,-12.948940471702919,-12.437228481761643,-11.513117150130526,-15.245255366611282,-19.57284621662486,-20.3589647305569,-19.80807092688984,-17.966278973665993,-17.992187616999182
Spain,ESP,-9.92390112800486,-6.756264744694953,-7.263959908076757,-5.297554342888226,-7.895155293743997,-6.902178888038463,-8.518129513921103,-8.778090647330075,-15.036660004894088,-16.528742094355458,-16.580299900428603,-16.69077521812219,-16.79177408258998,-19.263176051007306,-16.762962134950417,-15.894493703415336,-16.68124358904383,-15.648435934775154,-15.10330889665407,-16.719295158280044,-15.543733616580976,-16.74245080731066,-16.97943219538942,-15.472434442197475,-13.896804952566654,-15.378849055299114,-15.307187398554372
Sri Lanka,LKA,-2.1392383229183274,-4.472052433520348,-4.95446492175714,-6.476903691196789,-6.23200087529902,-5.995738641835775,-6.848843613631578,-6.696795959939511,-6.517852955867713,-6.353396973380779,-5.49876264659645,-5.834164767279013,-5.529028659587951,-6.025491581210458,-5.012654761645008,-4.971388993593795,-6.429541027628119,-8.169470678097547,-6.890647668828226,-5.096444022501608,-4.4917652108634165,-6.762425350794899,-6.255479811027129,-6.079550566997661,-4.6973307731720055,-5.298926188258815,-5.370380349528254
Sudan,SDN,,,,,,,,,,,,,,,,,,,-0.19604458261343494,-0.12610959389270926,-0.0925704744481024,-0.10061082702903801,-0.10418071990611555,-0.05053599980405643,-0.10604760661251289,-0.05425833410943448,-0.05385287344873135
Suriname,SUR,20.799962330681723,17.485827887456587,16.637949528330694,19.33538941628503,22.37164273685108,23.605696270768412,31.375456081401452,36.672483729060396,40.295901393694685,48.795959313437585,43.4181103650246,36.47665094794367,42.201726430487064,39.56643040384311,28.670743551138017,31.336956798042607,47.12533044011987,47.5588049538487,52.68040537324043,51.92917659246079,50.08965660979314,60.186037375663005,63.298440391465974,73.0933382785796,58.16076420588574,44.532853253458356,44.070217214674635
Sweden,SWE,16.7186682544927,18.635661227774968,16.34707011741916,12.060723627712278,19.10102842683676,12.475795340132663,10.579186825249938,6.80120635749298,3.3393733396442613,0.3307321173133815,-1.7969883272198643,-3.450065759216457,-1.116336047626671,-6.1109947704296665,-6.5455106599603035,-7.193166962614065,-7.415685515050274,-12.118886559102712,-14.31827297886134,-13.088210083435541,-14.681777070729172,-10.00962006253392,-9.193405072406396,-7.709349205755817,-9.958673376115595,-12.417783120510489,-12.244992207802444
Switzerland,CHE,-14.284571647339837,-14.135304687185862,-14.195710396924214,-14.361679267520438,-14.736003164776871,-15.13154763114663,-15.40045507802906,-15.992332262054461,-15.147933608047762,-15.252226516428147,-15.65055155502698,-15.471428414731028,-16.618100428145485,-16.94251109885379,-17.373285226330715,-17.646163248019228,-17.700638235549533,-17.60016575054161,-16.56619581547725,-17.385072012212778,-16.5428902650995,-16.882999872113995,-17.22252831142287,-16.58587286804766,-16.42076541895784,-15.740111796203708,-15.623037999195427
Syria,SYR,,,,,,,,,,,,,,,,,-2.371692377416148,-2.6442866023878158,-1.884722230808102,-1.9438499026663687,-2.199791632015045,-1.2646398260620866,-1.1119714835839996,-1.076053885713825,-1.41820757051617,-1.5885059133675445,-1.538803967030097
Taiwan,TWN,24.649024471624628,22.736667467108546,23.834457094089295,22.357535919924317,27.336037239984933,27.49117912526205,28.096631944063983,28.43416643473116,28.952148376196043,31.355286384012977,28.55214162868309,28.088785148470112,27.406450837398125,31.16763493155146,26.05302708627309,16.288072185547758,19.50205168110145,18.63042664397326,18.27013152440872,20.79910929699205,26.24964878587268,23.708928482807128,13.272068524507887,13.99126558311383,17.03657509270601,14.156546588299037,14.226378380260538
Tajikistan,TJK,-0.04527807613617743,-0.03388502345336464,-0.03501874674604766,-0.046699577796095335,-0.042511862602537434,-0.03349448909145908,-0.029250248010524553,-0.050860618997730124,-0.08805980018488374,-0.15595511636352372,-0.15524167816240914,-0.129718369378482,-0.3010594818207354,-0.28180570732292737,-0.3016901333603238,-0.24351691571020556,-0.21187415187258368,-0.3436373267763907,-0.3927063391229219,-0.3355391008552303,-0.41179324293211206,-0.34795530116472556,-0.16742307611080195,-0.3472050476072676,-0.4762741259194211,-0.4029158215711779,-0.3987000644218924
Tanzania,TZA,0.7067351211641437,0.9625083819873321,1.0739728361371856,1.2241903106277405,1.8781457236152281,1.2323836036265092,2.4754300815102983,2.3891994965319476,2.031755494491951,2.501487078864038,3.367071353008517,2.9025053579246975,2.492369689469495,2.9486520116800907,3.2291561999562335,2.205113891379436,2.071195809358086,2.0875917464179166,2.054383711367861,1.3599925005148883,1.2617323722498464,0.7504580142894985,0.757910459463961,0.9621118266654554,0.9490686500129657,1.695226261006309,1.645290087460472
Thailand,THA,31.07362539222547,29.549369348827458,28.005494250328994,27.503033812553987,27.250329523101527,27.734845847738598,28.31227572112838,26.993087202791045,27.592356271431616,29.65648172467739,29.639568704510722,28.61066840035535,28.25263030305245,26.068857653007612,22.231356235060854,21.947758123586542,20.855513680332336,17.67380508039338,17.36609480911015,13.818695726250862,13.311250165776517,10.849645048817287,7.475798256072238,6.384322233910581,4.634893814962098,6.268249864105883,6.279927877644468
Togo,TGO,-10.18562207425771,-9.05176587896484,-13.036657587667959,-10.96628828704029,-7.045281279678827,-6.573387738622114,-5.424462426108638,-3.8542157829939327,-2.8476259845759007,-3.1632524354279496,-1.7201190500911698,-3.7825299725442365,-2.928124618437799,-3.2407304202048888,-1.7586496916407608,-2.4462095544885143,-7.044579333540781,-9.04977381045726,-8.996352363150306,-8.379299229728083,-7.680899748795376,-9.807854490951364,-7.709126426368334,-8.972729889249646,-5.753816376775216,-6.2451990209375605,-6.09992194799718
Trinidad and Tobago,TTO,-0.18841773049932797,-1.190827263099866,-0.7431178949334214,-0.6736173147391291,0.025402471922761904,-0.3548432359309377,-1.7495100786213769,-3.453002763415519,-6.666670842061325,-6.131179851060603,-8.367784432666905,-10.43228904097512,-8.452910710133022,-9.028186551767929,-8.581895900611476,-8.61784602912137,-8.787085303921588,-12.094899658886442,-13.549966240013818,-14.72173776300704,-12.651237199696018,-11.141678147536819,-10.88304458734334,-9.879629521132802,-9.366431477607271,-9.68812902808543,-9.685389992830645
Tunisia,TUN,0.9621208576690492,-0.1434324407077927,0.4831815338802272,0.7275877012651062,0.7406308511428463,0.08999839107407759,0.02804456535523947,-0.5504408981608311,-0.3053733637753595,-1.6536287621890065,-1.2403788032026615,-1.7325236313359458,-1.9545800388525176,-1.4667915689511428,-2.7409002831453844,-3.1283776496237525,-2.923376566677522,-1.9596775224382306,-2.9702302944598618,-2.214669763819334,-2.491440389586666,-0.7931774289040696,-1.4938339176765822,-1.0776076734101796,-1.6585969929918072,-2.352067793541268,-2.323066075009825
Turkey,TUR,1.685111147307591,0.6876975858263883,0.19172057936137143,0.3238063674617191,0.37813013226267245,2.185218501467582,0.9594744158914885,1.2783025552742036,2.54544679902836,1.9194435322527132,1.4046779198801378,0.47141760480454575,1.0459767331209076,2.516029658780891,1.4346329819684494,1.1875196210932,2.1417766964667546,3.5312120960482485,1.8707721950266896,2.0076684862454144,1.8652740604655147,2.9543842708377266,2.31262753091207,2.706237969254473,1.9830532445672615,4.21838351141089,4.175012263146277
Turkmenistan,TKM,0.11207375603646863,0.1560330859987924,0.04245349863659742,-0.05217790334618222,0.4072329196693716,0.401517499178794,0.5266786010913274,0.11345562398666731,0.06087656339653558,-0.17864508002093427,-0.15931717066307538,-0.34864863160706916,-0.33679784432100046,-0.3726259647274328,-0.4955825797944411,-0.5777439031764642,-1.018875006650097,-0.7554604900007447,-1.04242868077168,-0.9794194761718584,-1.0360366953703575,-1.0719608064239776,-0.6736590534300015,-0.5255885059915646,-0.38571423463329646,-0.36216634317261986,-0.3687494235663311
Uganda,UGA,0.9090560202410849,1.6478672062960058,1.9348181628079253,1.1387936994475307,1.444072094291748,1.0068977086346038,1.4832282527189795,1.6803883839231482,2.3833697662208753,2.3175663316779325,2.7974899266980024,3.336825206771792,2.9079435778168055,2.481611000526751,1.9866330924266808,1.5908577482740363,1.5284697762204082,1.183921888894286,1.4044655415068146,1.329308167007433,1.062256350697437,1.0295860566557469,1.065029694547869,0.9338491068353552,1.1557804043728552,1.1526961595759566,1.114284437582807
Ukraine,UKR,0.7325934098625089,0.1253075229629399,-2.1145630948498724,-1.4835739764572677,-4.045868620921496,-2.1574862457071173,-4.404890929745157,-7.09509490200635,-7.060720919117913,-7.137146844276945,-7.353068382250155,-10.531906297488579,-10.935819411132691,-12.93080127097426,-16.621455386586966,-11.239478366697718,-8.631604175150457,-9.780478150104997,-10.366943144686228,-12.066800153021797,-9.006072770479701,-6.152595868229687,-8.277454791342937,-9.128681443073072,-10.806431036849023,-11.353896094139014,-11.440075071605893
United Arab Emirates,ARE,22.706373473198084,20.59719036049051,18.20864129533014,17.95990098337942,14.996912451803261,11.251854978158072,6.748079224480076,6.255133300938123,2.113403709174115,0.12415594224638937,-4.858026659082505,-4.422637094429856,-3.7322159988321246,-6.921108855612069,-10.915260986064794,-12.303477013357263,-13.247286672496083,-14.974704884130523,-17.002906153698937,-17.12948511814064,-18.217209824885153,-19.063557336575087,-18.77983779226438,-19.412776560361173,-19.674322636217255,-18.572341809507613,-18.41314683521837
United Kingdom,GBR,-2.269451452057819,-1.9560625022240714,-3.2490197305024147,-3.4224470936142417,-1.3026994956015194,-2.859950271331808,-5.008442550618943,-5.574111707836538,-5.606705842845447,-5.77927646818689,-7.098277907788411,-6.950851274565029,-9.462963194688685,-8.727600986550282,-8.601957395798443,-7.509966563182072,-6.52293017250466,-7.586907057763286,-7.036198401053452,-7.644546820166481,-3.966728459299256,-4.778464560124775,-6.194072553047416,-4.454150867386938,-4.564950568237089,-5.5820894180804554,-5.5572217574986045
United States of America,USA,-0.3542040834897122,-1.1343616449093794,-1.2591886318297263,-1.3040113303684002,-3.2285245928543347,-3.017253274394168,-3.8285332455173986,-2.562996237507601,-3.874963968573919,-5.1864286429202195,-5.964878580053835,-5.129896029171942,-6.302407938739975,-5.0599757245853745,-5.741517082956268,-6.208778982606445,-6.000934446591115,-3.7739627246336838,-3.9434456009172933,-3.8097863138949286,-4.889818155625306,-4.958804471509087,-5.432779435264752,-5.903349534270223,-6.738771840701073,-6.877785983127049,-6.843738578614907
Upper-middle-income countries,,9.250408306605506,7.8943694228503425,8.516699771908844,7.567808635617649,6.040490957478404,8.072458720562974,8.793167632501632,7.936366480048061,8.220097836647486,7.328732873406977,8.528335086362066,8.54652676937571,7.777915566555652,7.451639000830163,7.193457450756519,6.957141242286223,6.0260071320840645,7.646397013438374,6.152176373838184,6.332813066991896,5.5908200190497865,5.837647415773393,5.619429858063409,5.71635953728142,6.5473880919784655,5.577768246064899,5.5517533483558665
Uruguay,URY,30.70887891604724,33.25159217074462,33.71952199820667,36.58622646402035,37.209215422843734,24.7397311662436,26.874195330018484,24.529286754849696,26.43243301648893,28.6847653481872,31.96008369381291,31.57269801260738,33.48483578305522,25.512010858883727,25.428055332980335,18.591851508712352,16.951005626171057,19.61738785800202,16.35080001776096,10.829073009835337,10.225706242093327,9.107413829244583,6.990642238464998,9.019789794304407,9.934671635803566,10.828839262283257,10.81843209107267
Uzbekistan,UZB,0.13764862578397075,-0.035315522062165705,-0.04049283395381359,-0.053708200906773695,-0.11335375123547947,-0.07241229174997954,-0.03697139579022368,-0.06581714624112722,-0.0552087353363033,-0.06288599663247091,-0.0993927844862818,-0.08958690887985976,-0.0682386863996853,-0.08223775459797422,-0.19016635171716967,-0.05584476834443114,-0.14199010711554638,-0.27221763355995177,-0.3652315937578916,-0.34806019117437037,-0.37507571248651894,-0.3336175302400646,-0.20206961825785363,-0.1532249135835464,-0.239676073685537,-0.3975661893992304,-0.4059110391560008
Vanuatu,VUT,258.2711396583072,313.66624589796356,245.14132024784993,371.2052189649219,389.26381794560405,470.6603584040075,347.3242827527511,159.4734989021916,201.25765839694697,538.7269959752939,1005.3633068705036,1060.125649833043,1001.5305787899036,933.7156954716436,726.7697218552893,601.9256147230847,392.4569556974947,209.69575696068736,235.67957358678225,222.5813100372699,250.65560184756728,294.78973463271655,146.88261843297377,79.23914968259143,105.92747992407976,121.32980225373124,118.55091582057631
Venezuela,VEN,2.6129699022820816,2.1459723177707737,2.4887074979797994,1.8036722173018411,0.9023312984440715,0.3521411158383998,-0.2014650348579181,-0.28675288645862196,1.5507591660314617,2.221630245079588,2.664162277567769,1.456933704977045,-0.8930567611210734,-1.8699598024343569,-2.1537668241649026,-2.9005323566866306,-2.261796530120032,-2.548474448151957,-3.859865883831631,-2.959770925805783,-3.102972689964462,-0.01813584235217114,0.424602308508387,0.5803183368110751,0.42788037784441,0.4098309486574703,0.42080363062687454
Vietnam,VNM,4.218750957488055,3.8566985876815743,4.2198287457325385,5.601824248377845,5.257194031349343,5.710890473288369,6.869709813137206,9.870849315201013,11.366752871467757,10.41414369528757,12.578462844333519,14.623256843902134,19.95784598393898,20.024930976874696,23.08569253217006,20.87747302079945,22.563886447174355,25.82777770756497,28.187330257324298,30.848994549503175,33.96588645729334,32.908598815766574,35.06650921756851,36.62886405692704,38.60511065172129,40.80219705496179,40.41443030752413
World,OWID_WRL,5.856570622193651,5.199494593246449,5.13774668487277,4.797415603331348,3.3887794623745577,4.346438008264421,4.475532907063945,3.885744463733598,3.9617932495788164,3.359532648307198,3.8956715328512246,3.7718002599531886,3.184460243509374,2.9613490049925595,2.772075378821402,2.696134002573956,2.2067092761781986,2.7716287971415596,2.282882088696791,2.288719270436335,2.114092352017451,2.104100700293259,1.922869134558706,2.27443224690656,2.670459905526247,2.189871739590245,2.1730155230213235
Yemen,YEM,-0.3535282495913714,1.0966654415585664,1.4859544152469146,1.4676981780699707,1.9798845312439504,1.1473626640415384,1.2382288982444223,2.2648130299155618,2.636946409006881,2.69272775517119,2.8686015269784395,3.479927351354033,3.622020859164521,3.8435666784240734,2.7097107694028084,3.6798146578869013,3.3502098862842966,3.2607822923854095,3.0512346123364935,2.694741292786807,2.0500754847783274,1.3934138690936138,1.1479218527368427,0.6075526375775229,1.0024077838607166,1.069809590839549,1.0338858508090523
Zambia,ZMB,-0.3407508182886989,-0.3627273886467286,-0.30817141686981575,-0.14884208550431133,-0.21709118992252296,-0.041525628394338376,-0.22318375818591463,-0.008090090945151118,-0.32184715269671926,-0.6082354188527201,-0.5966218723254135,-0.8499231823721161,-0.6370220473332129,-0.6218690900312875,-0.04030060706370442,-0.3025853932713165,-0.44259882997716105,-0.8066005697705227,-1.5124810244994649,-2.582664211766997,-4.04928073277477,-5.420349970638616,-5.735023703694148,-5.830715146459539,-5.9028625650242486,-5.727387358338122,-5.557561542157555
Zimbabwe,ZWE,-1.6649170873469912,-2.0012708303759426,-1.9812743393245944,-1.6425388177777196,-1.1150954244255213,-1.011964617352701,-0.8818892460536645,-0.29247431490797116,-0.1842436312123661,-0.0857827926607897,-0.4145320048008714,-0.07119519836993571,-0.3682695925350117,-0.11026859999793825,-0.1605407436177393,-0.3818885386281059,-1.2833218838782945,-1.7398073240504044,-1.7390466151206343,-1.897620440122993,-1.5957996076115015,-1.9746972676389745,-1.9168964966640405,-1.5948072041803658,-0.971599323730648,-0.10596223089041024,-0.0974601101134498
eSwatini,SWZ,-0.005115760048186813,0.002882941997246591,-0.010321460294995088,-11.406904491516398,-8.512665146674813,-7.271806214666492,-5.986874899327078,-4.252308195249395,-4.5151196620152225,-9.572089074142266,-8.142904766776498,-6.9544090386702395,-3.4820330574525356,-2.5717421846148203,-1.414166878696619,-1.4106705186663977,-1.3671090978680338,-1.3968548547902437,-1.8676110531490773,-2.6483842543424374,-4.17038478024166,-3.9012419559609848,-3.4620831713468974,-3.663196934398552,-4.124567977066225,-4.085882161515741,-4.047424196598904
